aX,aY,aZ,gX,gY,gZ
-0.755,0.435,1.430,228.638,-72.632,36.926
-0.633,0.499,0.529,299.377,-214.661,60.913
-0.299,0.238,0.166,219.849,-155.945,47.363
-0.265,0.452,0.414,161.926,-56.458,10.376
-0.274,0.589,0.751,99.487,9.338,-3.723
-0.244,0.552,0.664,79.834,27.344,1.831
-0.271,0.546,0.589,57.922,40.405,4.028
-0.271,0.530,0.748,30.640,62.256,-1.343
-0.333,0.562,0.720,12.634,60.486,-7.874
-0.346,0.564,0.738,5.249,59.021,-10.315
-0.355,0.556,0.763,3.784,54.382,-11.230
-0.434,0.547,0.793,9.460,42.480,-12.390
-0.476,0.594,0.880,19.165,21.973,-11.597
-0.490,0.586,0.946,34.729,-10.315,-4.578
-0.508,0.613,0.932,57.129,-43.640,1.831
-0.530,0.646,0.893,75.745,-64.026,9.155
-0.523,0.663,0.838,83.740,-68.848,16.968
-0.786,0.724,0.850,87.402,-62.988,23.376
-0.503,0.595,0.698,97.107,-55.542,31.006
-0.192,0.575,0.652,91.919,-52.673,40.527
-0.052,0.574,0.704,72.815,-53.406,30.640
-0.142,0.588,0.642,61.646,-58.960,2.441
-0.176,0.606,0.592,56.641,-70.679,-25.757
-0.202,0.644,0.604,55.115,-80.933,-47.363
-0.185,0.640,0.614,55.908,-88.318,-65.552
-0.150,0.621,0.649,58.167,-91.187,-82.764
-0.290,0.686,0.637,63.599,-90.088,-94.910
-0.339,0.656,0.649,60.425,-84.229,-94.788
-0.414,0.710,0.640,59.326,-77.576,-88.440
-0.377,0.572,0.646,54.443,-75.134,-71.960
-0.302,0.578,0.559,57.983,-79.468,-47.791
-0.380,0.470,0.518,69.092,-85.449,-24.658
-0.359,0.098,0.530,85.754,-91.553,17.700
-0.406,-0.326,0.687,125.671,-94.666,107.788
-0.358,-0.123,0.491,184.082,-88.745,250.793
-0.806,1.136,0.480,181.091,-88.379,353.271
0.354,2.806,1.243,63.965,-90.149,226.685
0.434,1.197,-0.180,92.834,-59.265,-26.550
-0.202,0.972,0.558,10.498,-77.759,-68.481
-0.019,0.945,0.462,-65.491,-84.106,-39.001
0.056,0.939,0.460,-56.396,-81.116,-49.438
0.111,0.884,0.484,-59.998,-84.961,-74.219
0.214,0.918,0.345,-99.243,-86.914,-111.267
0.309,0.983,0.235,-157.837,-76.294,-154.114
0.501,1.092,0.430,-220.520,-53.589,-181.641
0.884,1.325,0.582,-255.310,-36.621,-166.992
1.046,1.104,0.943,-253.845,-40.833,-105.774
2.292,3.281,0.985,-205.322,-59.021,15.320
2.225,2.277,0.765,-181.335,-51.392,-47.058
2.001,2.186,0.710,-190.002,-23.071,-144.287
1.895,1.983,0.401,-146.179,-6.714,-166.809
1.819,1.623,0.055,-108.887,-15.747,-194.336
1.635,1.183,-0.353,-107.422,-32.898,-217.102
1.396,0.657,-0.632,-146.301,-44.983,-227.539
0.987,-0.021,-0.763,-210.693,-26.184,-234.924
0.310,-0.656,-0.698,-266.663,-21.118,-241.699
-0.517,-1.044,-0.374,-300.720,-10.681,-233.521
-1.323,-1.261,0.188,-302.490,21.240,-207.825
-1.807,-1.196,0.597,-264.343,40.710,-161.865
-1.990,-1.411,0.994,-193.604,32.654,-102.905
-2.025,-1.839,1.255,-108.765,5.615,-43.030
-2.158,-2.295,1.410,-62.378,-28.931,-18.555
-2.281,-2.444,1.720,-61.829,-59.875,-31.616
-2.435,-2.171,2.121,-69.458,-68.359,-53.101
-2.285,-1.474,2.453,-54.810,-62.500,-53.650
-1.933,-0.765,2.438,-18.982,-43.457,-42.236
-1.319,-0.346,1.850,20.691,1.282,-24.475
-0.546,-0.259,1.193,51.636,38.513,1.099
-0.015,-0.250,0.535,48.157,51.086,26.611
0.373,-0.251,0.169,20.203,37.231,40.466
0.595,-0.090,0.153,-3.845,17.273,30.945
0.539,0.083,0.408,12.512,-26.550,4.578
0.364,0.180,0.652,22.766,-67.444,-11.658
0.159,0.229,0.936,18.005,-68.848,-13.000
0.125,0.194,0.911,24.780,-46.814,-4.456
0.076,0.148,1.009,20.813,-9.033,-2.686
0.002,0.066,1.042,24.597,3.357,-4.456
-0.101,0.000,1.048,27.405,-8.301,-5.432
-0.224,0.003,1.022,22.461,-19.714,-6.531
-0.308,0.013,1.050,18.433,-18.921,-7.751
-0.291,0.012,0.940,12.146,-2.869,-7.935
-0.244,0.034,0.931,8.667,7.751,-7.874
-0.233,0.054,0.959,10.315,2.441,-7.812
-0.310,0.051,0.997,14.099,-8.362,-9.583
-0.320,0.043,1.014,14.404,-13.550,-12.756
-0.247,0.082,0.971,7.629,-8.606,-14.282
-0.216,0.119,0.929,0.000,0.366,-14.038
-0.219,0.116,0.948,-4.639,5.005,-13.428
-0.263,0.127,0.952,-6.775,7.019,-11.902
-0.304,0.130,0.990,-5.371,5.432,-9.277
-0.338,0.127,0.998,-3.601,4.150,-6.165
-0.363,0.106,0.969,-3.174,5.859,-3.113
-0.383,0.092,0.954,-5.737,7.507,-1.343
-0.376,0.061,0.945,-6.653,4.883,-0.916
-0.349,0.056,0.942,-9.644,-2.563,-2.747
-0.329,0.092,0.969,-12.390,-9.827,-4.883
-0.298,0.130,1.001,-10.254,-12.451,-4.456
-0.246,0.140,1.020,-4.028,-11.414,-0.732
-0.193,0.128,0.982,1.526,-9.521,3.357
-0.182,0.090,0.929,2.441,-7.141,4.211
-0.213,0.051,0.904,0.122,-2.075,2.502
-0.260,0.033,0.897,-3.662,0.732,-0.916
-0.315,0.060,0.961,-6.287,-0.610,-4.150
-0.341,0.062,1.001,-5.859,-2.258,-4.700
-0.341,0.072,0.997,-4.517,-2.563,-5.005
-0.350,0.078,0.993,-2.991,0.000,-3.174
-0.342,0.064,0.985,-0.183,-0.183,0.793
-0.334,0.057,0.969,2.747,-2.563,3.235
-0.312,0.047,0.953,4.272,-3.479,5.005
-0.298,0.031,0.943,4.211,-1.709,5.249
-0.270,0.045,0.939,2.563,0.732,3.845
-0.262,0.044,0.942,2.136,2.502,3.113
-0.259,0.022,0.941,1.770,2.625,3.052
-0.258,0.024,0.946,0.854,2.747,1.648
-0.270,0.025,0.960,0.732,2.380,0.549
-0.277,0.017,0.964,2.258,0.732,1.526
-0.270,-0.005,0.954,4.150,-1.099,3.723
-0.243,-0.017,0.949,3.174,-1.160,5.188
-0.266,-0.017,0.981,-0.488,-0.061,4.211

1.154,2.273,1.069,-53.894,59.998,-41.260
1.744,2.973,1.332,-96.985,120.850,-49.927
2.378,3.544,1.629,-115.479,167.358,-40.039
2.988,3.472,1.630,-57.922,161.255,-33.447
3.301,3.078,0.904,33.508,112.244,-24.414
3.199,2.357,0.430,78.308,-15.198,-41.321
3.075,1.441,-0.112,37.842,-115.601,-84.534
2.753,0.540,-0.550,-48.645,-131.531,-160.828
1.449,-0.634,-1.132,-140.015,-68.848,-247.437
-0.856,-2.498,-0.888,-227.600,24.353,-294.434
-3.442,-3.291,-0.008,-274.231,99.487,-289.185
-4.000,-3.656,0.663,-273.315,58.167,-234.558
-4.000,-4.000,1.634,-226.257,-47.852,-180.298
-4.000,-3.486,2.454,-183.472,-76.416,-143.738
-3.972,-3.028,3.401,-148.499,-51.819,-76.050
-2.723,-2.239,2.964,-54.443,-2.014,8.789
-1.088,-1.408,1.891,31.982,54.382,60.059
0.499,-0.610,0.558,69.458,87.280,74.768
1.259,-0.272,-0.351,82.336,97.107,73.547
1.525,0.079,-0.814,71.350,92.712,68.909
1.243,0.160,-0.495,33.936,16.113,8.728
0.585,0.207,0.008,-3.784,-33.569,-33.630
0.089,-0.001,0.493,-20.874,-39.795,-40.100
-0.210,-0.237,0.877,-23.437,-19.104,-35.645
-0.441,-0.353,1.128,-18.982,-3.967,-33.203
-0.600,-0.394,1.201,-4.700,-7.141,-31.860
-0.717,-0.359,1.179,10.071,-14.954,-31.555
-0.689,-0.262,1.104,17.578,-14.893,-28.320
-0.555,-0.183,0.980,23.743,-5.676,-20.020
-0.477,-0.143,0.864,23.010,0.183,-12.817
-0.392,-0.088,0.800,17.639,-5.249,-10.864
-0.378,-0.043,0.766,11.597,-10.803,-11.475
-0.358,-0.015,0.787,6.653,-9.827,-11.536
-0.291,0.024,0.825,2.747,-5.493,-10.925
-0.293,0.027,0.869,0.977,-1.953,-10.559
-0.366,0.014,0.910,0.183,-2.869,-11.719
-0.510,-0.007,0.957,-2.441,-5.615,-15.137
-0.618,0.011,1.021,-6.226,-9.033,-17.944
-0.590,0.047,1.052,-8.301,-9.155,-15.564
-0.524,0.034,1.065,-8.850,-5.676,-11.108
-0.455,0.018,1.117,-9.216,-7.629,-8.606
-0.343,0.033,1.198,-7.751,-15.503,-6.714
-0.304,0.016,1.257,-1.953,-19.104,-5.615
-0.301,-0.006,1.280,4.822,-17.151,-5.981
-0.314,-0.015,1.216,11.658,-12.817,-6.042
-0.365,-0.050,1.096,16.663,-7.080,-6.531
-0.445,-0.046,0.984,16.785,-3.418,-8.301
-0.527,-0.045,0.922,14.526,-5.127,-8.057
-0.511,-0.045,0.879,11.169,-7.202,-4.822
-0.430,-0.013,0.810,7.263,-3.906,-1.709
-0.373,-0.021,0.775,4.028,-2.319,-0.183
-0.292,0.009,0.733,0.671,-6.042,0.488
-0.269,-0.003,0.746,-3.174,-8.972,-0.061
-0.282,-0.011,0.786,-5.554,-11.108,-1.526
-0.292,-0.027,0.851,-7.996,-12.634,-2.197
-0.309,-0.056,0.927,-8.728,-13.672,-2.991
-0.339,-0.062,0.989,-7.874,-12.695,-4.333
-0.346,-0.045,1.016,-5.493,-9.583,-4.944
-0.357,-0.039,1.013,-1.343,-5.615,-4.272
-0.379,-0.011,0.998,2.319,-2.747,-3.906
-0.368,-0.004,0.974,5.615,-2.136,-2.197
-0.325,-0.012,0.945,6.775,-1.160,-0.061
-0.304,-0.016,0.917,5.005,0.977,0.122
-0.298,-0.009,0.901,2.258,0.549,-0.732
-0.321,-0.005,0.905,0.183,-0.977,-2.136
-0.359,0.000,0.911,-1.648,-0.671,-2.563
-0.364,0.002,0.922,-2.258,-1.038,-1.587
-0.360,0.002,0.929,-1.587,-3.113,-0.854
-0.382,-0.020,0.942,-1.160,-7.263,-0.122
-0.391,-0.048,0.984,-1.160,-11.475,0.854
-0.366,-0.034,1.009,-1.526,-10.376,0.000
-0.327,-0.020,0.994,-1.038,-4.761,-0.793
-0.286,-0.007,0.937,1.831,-0.793,-0.610
-0.256,-0.005,0.923,2.502,0.305,-1.404
-0.312,-0.007,0.923,0.061,2.380,-2.563
-0.353,-0.030,0.930,2.075,1.221,-2.869
-0.403,-0.037,0.951,1.343,-2.136,-2.686
-0.433,-0.047,0.951,1.953,-5.920,-2.319
-0.391,-0.032,0.973,1.770,-7.507,-0.732
-0.324,-0.017,0.954,2.014,-5.737,-0.122
-0.294,-0.017,0.957,2.380,-3.296,-0.671
-0.273,-0.006,0.919,3.052,-2.502,-1.892
-0.324,-0.028,0.935,2.136,-5.127,-4.395
-0.377,-0.037,0.961,-0.427,-6.897,-5.371
-0.375,-0.039,0.958,-0.793,-6.348,-5.249
-0.353,-0.035,0.968,-2.197,-5.371,-4.517
-0.324,-0.036,0.996,-2.930,-5.676,-3.784
-0.304,-0.028,1.018,-2.869,-5.493,-3.540
-0.315,-0.026,1.042,-2.014,-4.089,-3.540
-0.347,-0.032,1.043,-0.305,-4.089,-3.418
-0.377,-0.039,1.033,1.648,-6.836,-3.418
-0.373,-0.025,1.021,2.747,-9.033,-2.625
-0.321,-0.013,0.978,3.967,-6.531,-1.404
-0.284,-0.020,0.945,4.639,-1.587,-1.343
-0.277,-0.018,0.947,3.235,0.549,-2.869
-0.290,-0.006,0.952,2.563,-1.221,-4.639
-0.330,-0.020,0.956,3.235,-3.113,-5.493
-0.342,-0.029,0.962,3.296,-3.052,-5.188
-0.338,-0.036,0.952,2.686,-2.014,-5.371
-0.321,-0.035,0.946,1.770,-1.221,-5.554
-0.300,-0.037,0.947,0.610,-1.404,-5.737
-0.329,-0.035,0.962,-0.183,-2.319,-6.653
-0.368,-0.034,0.972,0.305,-5.310,-6.653
-0.394,-0.039,0.964,1.709,-6.592,-5.615
-0.410,-0.041,0.972,2.869,-5.310,-4.456
-0.382,-0.030,0.959,3.662,-2.808,-2.563
-0.327,-0.022,0.969,4.272,-0.610,-0.732
-0.266,-0.010,0.975,4.822,-0.671,-0.061
-0.253,-0.013,0.955,5.188,-1.953,-1.099
-0.285,-0.018,0.954,4.333,-3.418,-2.930
-0.327,-0.018,0.962,3.357,-4.639,-4.150
-0.359,-0.020,0.959,3.235,-4.456,-4.578
-0.376,-0.019,0.951,2.747,-3.845,-4.456
-0.378,-0.011,0.953,1.831,-4.272,-3.845
-0.354,-0.008,0.967,1.221,-5.066,-3.174
-0.348,-0.016,0.986,0.793,-4.700,-3.052
-0.321,-0.002,0.991,0.061,-3.662,-3.235
-0.322,0.003,1.003,0.610,-3.418,-3.784
-0.322,-0.001,0.989,2.502,-4.089,-3.662

-0.968,-0.791,1.102,29.175,-26.978,16.357
-1.020,-0.806,1.123,43.274,-41.504,21.423
-1.050,-0.781,1.189,43.640,-47.119,32.776
-0.906,-0.722,1.186,53.223,-43.884,48.218
-0.755,-0.647,1.068,65.125,-31.616,58.716
-0.620,-0.572,0.946,72.205,-20.447,66.650
-0.506,-0.506,0.874,77.271,-18.433,75.928
-0.376,-0.440,0.815,81.909,-22.217,86.731
-0.150,-0.329,0.823,79.956,-26.123,94.299
-0.034,-0.202,0.781,72.021,-22.156,89.722
-0.023,-0.108,0.738,72.815,-15.686,80.933
-0.011,-0.021,0.722,71.655,-13.550,75.684
0.018,0.095,0.722,62.988,-14.648,73.120
0.005,0.237,0.764,55.542,-13.489,68.787
0.005,0.382,0.795,52.490,-11.658,65.613
0.074,0.499,0.814,46.753,-5.981,64.270
0.099,0.565,0.835,40.833,5.493,60.364
0.057,0.572,0.826,39.124,17.578,53.650
0.025,0.598,0.827,38.269,21.423,51.636
0.033,0.611,0.852,33.691,14.771,51.941
0.013,0.642,0.889,30.823,2.625,50.964
0.036,0.614,0.918,30.334,-8.301,50.110
0.010,0.617,0.902,28.137,-14.038,48.340
0.006,0.578,0.874,23.499,-13.184,46.814
-0.019,0.547,0.866,19.714,-8.911,43.518
-0.024,0.552,0.896,15.747,-4.700,40.527
-0.025,0.548,0.922,14.038,-0.305,38.696
0.014,0.550,0.931,13.184,4.944,38.025
0.067,0.560,0.940,11.841,9.827,35.645
0.077,0.547,0.946,11.414,10.376,30.334
0.062,0.521,0.953,10.010,6.836,24.963
0.014,0.500,0.941,6.897,1.892,20.081
-0.057,0.465,0.967,3.723,-2.441,18.188
-0.093,0.452,0.978,0.916,-2.625,18.555
-0.124,0.439,0.976,0.000,2.747,17.700
-0.161,0.423,0.952,1.160,11.414,15.869
-0.150,0.428,0.930,0.977,20.508,13.428
-0.139,0.437,0.915,0.427,26.123,11.169
-0.184,0.421,0.906,0.000,23.560,9.888
-0.228,0.407,0.918,-1.892,13.916,11.230
-0.249,0.387,0.946,-3.601,3.174,13.672
-0.274,0.374,0.952,-2.747,-3.113,14.343
-0.261,0.369,0.957,-1.953,-2.625,14.038
-0.258,0.373,0.950,-0.488,2.380,13.367
-0.252,0.358,0.940,0.488,9.766,14.465
-0.255,0.345,0.934,1.526,18.555,16.052
-0.264,0.333,0.923,1.953,25.513,17.090
-0.253,0.316,0.871,1.526,26.550,16.235
-0.270,0.314,0.848,-3.296,25.513,14.099
-0.263,0.334,0.849,-5.127,19.348,11.780
-0.283,0.326,0.869,-6.165,10.254,7.690
-0.286,0.348,0.912,-7.385,1.892,5.127
-0.224,0.435,0.961,-7.446,-1.526,3.479
-0.125,0.546,0.990,-6.531,-0.122,2.686
0.036,0.702,1.058,-8.789,6.592,5.493
0.443,1.029,1.239,-15.869,27.527,9.155
1.181,1.778,1.353,-31.067,75.745,2.686
1.976,2.734,1.471,-54.565,134.888,-19.897
3.132,3.605,1.303,-72.021,184.265,-28.809
3.982,3.903,0.708,-31.677,180.847,-20.935
3.998,3.355,0.502,1.709,82.520,-45.715
3.989,2.714,0.665,-1.831,-51.697,-133.545
3.661,2.198,0.925,-35.645,-142.761,-208.069
3.051,1.656,1.011,-71.838,-171.814,-258.423
1.793,0.807,0.703,-79.712,-127.502,-282.471
-0.080,-0.712,0.438,-86.670,-40.222,-270.752
-2.007,-2.468,0.299,-111.023,74.951,-225.525
-3.628,-3.903,0.225,-117.188,135.010,-210.144
-4.000,-4.000,0.582,-111.145,51.636,-205.322
-4.000,-4.000,1.080,-122.986,-94.910,-168.640
-4.000,-3.580,1.935,-136.169,-129.883,-132.629
-4.000,-3.244,2.597,-91.370,-65.918,-84.717
-3.012,-2.403,2.240,-25.391,-1.831,-22.705
-1.374,-1.489,1.586,5.310,40.039,30.151
0.365,-0.708,0.541,36.743,64.575,67.688
1.266,-0.202,-0.122,57.068,57.251,67.566
1.268,0.111,-0.076,45.044,9.888,27.039
0.962,0.295,0.243,31.128,-33.752,-3.418
0.629,0.127,0.570,25.146,-33.691,-8.606
0.388,-0.097,0.687,20.386,-13.489,-10.315
-0.015,-0.239,0.820,10.803,-9.827,-18.555
-0.394,-0.284,0.923,7.141,-17.761,-25.574
-0.688,-0.298,0.978,9.094,-13.428,-26.611
-0.780,-0.286,0.943,13.245,-1.221,-22.461
-0.632,-0.212,0.834,13.733,8.240,-14.343
-0.486,-0.156,0.762,11.597,11.475,-9.338
-0.390,-0.077,0.675,9.766,4.700,-9.827
-0.327,-0.046,0.724,6.836,-3.235,-7.996
-0.287,0.011,0.810,5.981,-4.578,-5.920
-0.215,0.087,0.887,5.920,-0.061,-5.737
-0.176,0.092,0.891,11.780,5.615,-6.531
-0.219,0.063,0.885,15.808,7.385,-9.033
-0.340,0.029,0.919,12.207,3.235,-14.099
-0.495,0.012,0.979,9.338,-5.005,-19.226
-0.559,0.021,0.997,6.653,-12.329,-19.836
-0.487,0.067,0.981,1.526,-12.024,-16.907
-0.402,0.083,0.965,-2.136,-3.906,-11.902
-0.354,0.069,0.966,-5.615,-0.488,-9.216
-0.362,0.057,1.036,-7.874,-3.906,-8.423
-0.366,0.026,1.117,-6.653,-4.639,-7.324
-0.408,0.014,1.182,-3.784,-1.160,-7.080
-0.413,0.025,1.176,0.305,-1.404,-7.690
-0.388,0.028,1.086,5.188,-3.174,-6.714
-0.407,0.054,1.002,7.996,-1.587,-7.202
-0.429,0.067,0.882,10.620,1.526,-7.507
-0.427,0.052,0.771,10.803,4.883,-4.395
-0.407,0.031,0.709,8.240,3.601,-1.831
-0.392,0.029,0.709,3.967,-2.380,-0.977
-0.318,0.027,0.778,-1.770,-6.226,0.488
-0.286,0.024,0.859,-5.554,-4.639,0.000
-0.278,0.030,0.930,-6.226,-4.517,-2.136
-0.310,0.017,0.983,-5.005,-6.836,-3.662
-0.356,0.009,1.008,-3.235,-8.850,-5.127
-0.402,0.019,1.017,-1.587,-8.484,-5.554
-0.390,0.033,1.014,0.366,-5.066,-3.845
-0.324,0.058,0.979,2.014,-1.404,-2.075
-0.246,0.066,0.910,2.197,0.671,-1.526
-0.231,0.046,0.868,0.793,2.625,-1.831
-0.243,0.030,0.879,-2.869,4.639,-3.235

0.831,2.000,0.905,-51.086,49.500,-14.893
1.316,2.563,0.981,-72.205,77.881,-32.410
1.875,3.002,1.227,-94.421,100.403,-42.236
2.529,3.191,1.376,-96.130,116.760,-32.349
2.954,3.052,1.185,-61.584,112.183,-27.344
3.079,2.635,0.871,-22.705,71.350,-53.223
3.064,2.062,0.608,-11.719,5.066,-96.375
3.074,1.404,0.389,-28.564,-52.979,-139.648
2.803,0.539,0.019,-61.401,-86.731,-190.125
1.867,-0.710,-0.296,-98.206,-106.995,-235.535
0.039,-2.373,-0.007,-141.968,-84.717,-247.620
-2.309,-3.586,0.391,-171.753,-28.015,-238.647
-4.000,-4.000,0.695,-171.387,-26.245,-233.887
-4.000,-4.000,2.200,-174.011,-52.917,-200.500
-4.000,-3.573,3.366,-151.550,-56.213,-161.316
-4.000,-2.769,4.000,-80.811,-30.762,-93.445
-2.924,-2.204,3.172,14.587,16.052,-0.854
-1.208,-1.454,1.745,69.824,63.965,59.326
0.561,-0.769,0.246,75.623,95.581,84.473
1.901,-0.083,-0.578,50.049,93.994,82.825
2.084,0.233,-0.617,21.729,62.744,39.673
1.467,0.266,-0.333,17.212,1.160,-14.709
0.548,0.099,0.099,6.653,-55.725,-44.739
-0.280,-0.149,0.586,0.305,-63.354,-48.279
-0.656,-0.325,0.972,4.578,-33.691,-38.574
-0.715,-0.313,1.184,5.920,-2.686,-28.442
-0.620,-0.263,1.250,9.399,9.216,-22.095
-0.455,-0.259,1.148,16.663,9.155,-18.799
-0.413,-0.224,0.975,22.522,2.625,-19.043
-0.403,-0.172,0.836,23.804,-9.460,-20.447
-0.429,-0.104,0.738,19.592,-16.357,-20.691
-0.414,-0.028,0.710,15.320,-17.151,-19.531
-0.247,0.062,0.700,11.475,-10.376,-15.015
-0.086,0.100,0.715,6.714,2.197,-10.498
-0.084,0.076,0.770,4.517,11.108,-12.207
-0.229,0.052,0.882,3.113,6.165,-17.883
-0.451,0.031,1.000,4.456,-7.385,-20.752
-0.606,0.020,1.084,8.057,-15.442,-20.752
-0.613,0.036,1.069,10.925,-12.573,-18.616
-0.550,0.035,1.102,8.362,-3.357,-14.343
-0.451,0.093,1.091,6.653,2.014,-11.536
-0.377,0.110,1.043,6.897,2.319,-8.606
-0.365,0.098,0.984,7.324,1.099,-6.897
-0.407,0.065,0.972,6.653,-2.625,-6.653
-0.405,0.075,0.959,5.249,-10.010,-6.470
-0.338,0.052,0.952,3.601,-11.353,-4.333
-0.253,0.049,0.915,1.465,-5.920,-4.333
-0.261,0.049,0.931,-0.366,-3.296,-7.141
-0.315,0.032,0.952,0.610,-7.019,-9.460
-0.425,0.018,0.967,2.808,-11.597,-10.132
-0.450,0.036,0.927,4.517,-13.428,-8.057
-0.348,0.060,0.857,4.944,-8.301,-3.784
-0.262,0.045,0.787,5.493,-2.258,-1.343
-0.218,0.030,0.758,5.310,-2.441,-1.343
-0.242,0.016,0.782,2.136,-6.165,-2.197
-0.315,0.003,0.844,-1.709,-7.874,-4.395
-0.339,0.035,0.862,-3.540,-7.263,-4.822
-0.357,0.051,0.860,-3.662,-7.080,-3.296
-0.313,0.062,0.843,-3.357,-6.775,-1.099
-0.266,0.044,0.863,-5.066,-4.150,0.366
-0.250,0.041,0.940,-7.874,-2.197,-1.343
-0.290,0.034,1.036,-9.705,-3.967,-3.906
-0.340,0.012,1.095,-7.874,-6.958,-4.150
-0.398,-0.009,1.105,-3.906,-6.226,-3.540
-0.408,0.014,1.089,-1.465,-2.686,-2.319
-0.366,0.037,1.028,1.526,0.366,1.038
-0.270,0.038,0.946,4.211,3.357,4.822
-0.210,0.017,0.902,4.456,7.263,5.737
-0.206,0.003,0.887,2.869,5.920,3.540
-0.253,0.013,0.914,0.916,-0.305,1.038
-0.288,0.010,0.941,-0.122,-5.066,-0.183
-0.310,0.006,0.942,-0.366,-4.333,-0.671
-0.292,0.015,0.930,-1.099,-2.747,-0.183
-0.243,0.019,0.930,-1.465,-1.099,0.854
-0.228,0.011,0.951,-1.770,1.648,0.427
-0.252,0.005,0.979,-1.831,3.479,-0.977
-0.285,0.003,1.015,-1.404,3.723,-1.709
-0.326,0.010,1.017,-0.366,2.869,-2.197
-0.344,0.006,0.986,0.977,0.671,-2.563
-0.354,0.013,0.968,1.404,-1.099,-2.625
-0.307,0.034,0.982,0.549,-0.305,-1.465
-0.270,0.037,0.976,0.549,2.930,-1.099
-0.293,0.006,0.992,1.465,4.089,-1.709
-0.313,0.004,0.981,1.648,2.014,-2.869
-0.349,-0.000,0.981,1.282,0.549,-3.845
-0.365,0.011,0.973,0.305,-2.075,-4.272
-0.346,0.028,0.995,-0.610,-5.066,-3.967
-0.327,0.024,1.005,-0.427,-7.324,-2.991
-0.328,0.030,1.045,-0.122,-6.409,-2.258
-0.324,0.035,1.078,1.160,-3.784,-0.916
-0.324,0.030,1.090,4.395,-1.587,0.183
-0.337,0.015,1.056,7.446,-1.831,0.305
-0.348,0.011,1.027,7.629,-3.723,0.183
-0.325,0.033,1.011,6.104,-4.028,-0.671
-0.290,0.043,0.988,4.700,-2.258,-1.038
-0.274,0.040,0.972,3.479,-1.038,-1.648
-0.286,0.045,0.980,2.197,-2.258,-2.991
-0.308,0.038,1.001,2.075,-5.615,-3.174
-0.304,0.047,1.009,2.686,-6.775,-2.991
-0.278,0.044,0.990,4.089,-4.883,-2.686
-0.255,0.040,0.954,4.700,-3.967,-3.174
-0.234,0.035,0.919,3.906,-5.005,-4.211
-0.246,0.023,0.914,2.197,-5.920,-6.226
-0.277,0.018,0.917,-0.061,-6.653,-8.545
-0.293,0.014,0.916,-1.770,-7.568,-9.888
-0.321,0.004,0.929,-2.991,-7.568,-10.254
-0.301,0.024,0.934,-3.967,-8.057,-10.925
-0.301,0.011,0.952,-3.479,-7.629,-9.766
-0.297,-0.002,0.974,-2.197,-6.775,-8.545
-0.305,-0.005,1.002,-0.793,-4.578,-7.812
-0.318,-0.016,1.033,2.197,-1.160,-6.348
-0.335,-0.027,1.065,7.202,2.869,-4.395
-0.360,-0.052,1.087,13.855,8.423,-1.221
-0.387,-0.078,1.090,21.912,15.259,3.418
-0.436,-0.109,1.080,31.189,21.729,9.644
-0.489,-0.163,1.082,41.809,27.039,17.578
-0.545,-0.209,1.054,52.002,29.114,26.306
-0.606,-0.254,1.033,62.134,22.522,33.875
-0.674,-0.309,1.014,67.993,9.949,42.847

1.175,1.624,1.146,-46.326,35.156,-2.808
1.915,2.044,1.354,-66.956,72.876,-0.427
2.902,2.554,1.425,-79.651,118.774,15.076
3.921,2.671,1.065,-41.687,149.841,17.639
3.998,2.568,0.399,26.855,143.921,-4.700
3.998,1.851,-0.138,43.518,73.059,-80.078
3.998,1.253,-0.460,-7.507,-14.465,-209.717
3.998,0.622,-0.445,-107.788,-68.542,-349.121
3.363,-0.306,-0.241,-202.698,-96.375,-455.627
0.920,-1.414,0.412,-250.977,-112.610,-496.094
-1.459,-2.386,1.516,-275.208,-82.642,-433.350
-3.522,-3.216,1.381,-230.652,15.442,-305.481
-4.000,-4.000,0.730,-161.316,83.313,-258.728
-4.000,-4.000,0.860,-170.288,103.638,-222.839
-4.000,-3.615,1.504,-184.265,81.421,-172.302
-4.000,-3.162,2.504,-142.517,0.244,-147.461
-4.000,-2.286,2.590,-82.642,-75.500,-115.051
-3.276,-1.369,1.916,-38.818,-53.101,-34.729
-0.867,-0.745,0.808,7.385,64.575,76.050
1.555,-0.248,-0.439,42.847,165.649,127.258
2.629,0.106,-0.832,30.884,131.226,80.627
1.905,0.141,-0.435,-0.977,4.272,-1.770
0.594,-0.071,0.321,-15.259,-86.426,-52.002
-0.448,-0.278,0.967,-11.841,-68.726,-64.514
-0.881,-0.399,1.294,3.906,-13.306,-46.570
-1.014,-0.412,1.332,20.996,16.174,-21.851
-0.932,-0.367,1.119,31.555,13.916,-5.066
-0.661,-0.300,0.771,33.752,8.911,9.705
-0.385,-0.256,0.519,27.527,9.277,18.005
-0.251,-0.247,0.424,17.700,2.319,16.357
-0.252,-0.223,0.550,6.409,-9.888,10.254
-0.290,-0.160,0.789,-1.160,-20.386,6.348
-0.242,-0.097,0.959,1.221,-20.386,8.423
-0.221,-0.107,1.086,9.644,-6.409,10.803
-0.168,-0.074,1.154,16.479,4.944,10.071
-0.177,-0.067,1.112,20.020,9.094,7.629
-0.296,-0.107,1.092,18.616,7.141,4.089
-0.473,-0.123,1.158,15.564,-0.549,-0.244
-0.538,-0.085,1.132,13.733,-9.583,-2.563
-0.499,-0.035,1.068,11.230,-10.315,-1.709
-0.351,-0.006,0.985,7.996,-4.211,1.953
-0.303,-0.015,0.997,5.249,1.892,1.953
-0.314,-0.016,1.081,3.845,-1.770,-0.854
-0.381,-0.041,1.159,6.287,-6.653,-2.625
-0.388,-0.052,1.109,9.277,-4.639,-3.052
-0.402,-0.037,0.974,9.888,0.366,-4.028
-0.422,-0.003,0.822,7.996,0.854,-5.249
-0.452,0.014,0.753,4.517,-1.404,-4.761
-0.477,0.002,0.760,2.991,-4.761,-3.052
-0.427,0.006,0.861,1.221,-6.714,-0.183
-0.302,-0.008,0.882,3.296,-5.005,3.052
-0.233,-0.041,0.846,5.310,-1.465,3.479
-0.199,-0.019,0.788,1.953,-2.747,-0.122
-0.226,-0.007,0.769,-2.869,-7.080,-5.066
-0.245,-0.012,0.801,-8.240,-8.545,-8.972
-0.305,-0.016,0.884,-10.193,-5.615,-11.414
-0.348,-0.018,1.009,-9.766,-3.845,-10.559
-0.437,-0.032,1.052,-5.249,-2.319,-8.606
-0.492,-0.034,1.043,0.671,-2.625,-4.761
-0.421,-0.022,0.996,5.798,-1.099,1.221
-0.345,-0.013,0.915,8.118,3.662,4.700
-0.255,-0.025,0.891,5.798,2.869,4.883
-0.220,-0.029,0.903,2.563,0.366,2.014
-0.311,-0.060,0.985,0.305,-2.075,-2.991
-0.414,-0.052,1.037,1.099,-6.470,-5.798
-0.468,-0.048,1.033,3.723,-7.751,-5.371
-0.469,-0.043,0.966,6.531,-6.653,-2.991
-0.396,-0.034,0.868,6.531,-5.371,-0.427
-0.399,-0.044,0.850,3.113,-4.089,-0.183
-0.409,-0.038,0.896,-2.014,-4.761,-1.404
-0.402,-0.034,0.970,-4.272,-6.592,-1.221
-0.384,-0.043,0.974,-2.686,-6.531,-0.244
-0.351,-0.036,1.003,-1.160,-3.418,1.953
-0.271,-0.018,0.977,0.854,-1.404,2.991
-0.254,-0.038,0.904,3.113,1.099,1.526
-0.298,-0.056,0.863,2.258,0.671,-1.465
-0.365,-0.047,0.855,-0.183,-4.272,-4.456
-0.450,-0.086,0.884,-2.319,-9.888,-5.859
-0.498,-0.072,0.979,-4.028,-10.254,-6.226
-0.478,-0.050,1.046,-2.808,-7.629,-3.296
-0.409,-0.043,1.024,1.465,-6.104,0.671
-0.332,-0.031,0.956,4.456,-2.686,3.296
-0.260,-0.020,0.921,5.371,2.075,3.906
-0.253,-0.033,0.892,5.188,3.540,2.258
-0.316,-0.050,0.916,3.723,-0.549,-0.854
-0.370,-0.049,0.948,1.465,-5.188,-2.625
-0.395,-0.054,0.990,0.122,-5.249,-1.587
-0.364,-0.034,0.998,-0.122,-4.150,0.000
-0.312,-0.040,0.986,1.160,-5.310,1.953
-0.289,-0.037,0.963,1.343,-6.470,0.916
-0.275,-0.043,0.950,0.732,-4.395,-0.244
-0.290,-0.062,0.958,0.061,-2.380,-2.380
-0.313,-0.059,0.954,-1.343,-4.944,-5.249
-0.374,-0.066,0.970,-1.892,-9.583,-7.446
-0.395,-0.050,0.997,-2.625,-11.780,-7.263
-0.380,-0.029,0.999,-2.380,-9.888,-4.944
-0.332,-0.043,1.005,-0.854,-6.165,-2.075
-0.289,-0.041,0.981,0.488,-2.563,-0.793
-0.298,-0.063,0.963,1.465,-2.319,-1.587
-0.336,-0.068,0.966,1.038,-3.845,-3.662
-0.383,-0.044,0.966,-0.061,-3.845,-5.554
-0.421,-0.043,0.960,0.793,-4.028,-4.517
-0.437,-0.055,0.965,2.136,-5.310,-1.587
-0.420,-0.046,1.000,2.808,-6.897,0.671
-0.360,-0.032,1.017,4.089,-7.019,2.380
-0.306,-0.041,1.015,5.859,-4.944,3.418
-0.230,-0.028,0.991,6.470,-1.282,2.319
-0.220,-0.032,0.948,6.958,1.770,-0.061
-0.274,-0.051,0.907,6.531,1.038,-3.906
-0.359,-0.042,0.891,4.639,-2.380,-6.775
-0.428,-0.050,0.911,2.930,-5.676,-6.958
-0.425,-0.049,0.948,1.526,-7.690,-4.578
-0.373,-0.050,0.975,1.282,-8.240,-1.709
-0.301,-0.039,1.005,2.014,-7.263,-0.488
-0.222,-0.034,0.968,3.174,-3.967,-0.671
-0.233,-0.055,0.938,3.906,-1.831,-3.296
-0.307,-0.059,0.923,2.625,-3.906,-6.775
-0.396,-0.035,0.949,0.854,-6.409,-7.751
-0.475,-0.041,0.968,0.916,-6.531,-6.775

0.901,1.148,1.178,-38.208,4.028,21.179
1.435,1.468,1.409,-43.213,13.428,22.217
2.076,1.943,1.488,-66.040,46.326,19.653
3.015,2.397,1.615,-86.487,91.919,27.710
3.966,2.701,1.432,-54.626,124.756,34.180
3.998,2.679,0.636,34.851,134.338,16.479
3.998,2.000,0.095,90.088,81.421,-47.852
3.998,1.244,-0.460,59.265,6.653,-167.297
3.998,0.714,-0.706,-40.405,-45.959,-307.190
3.055,-0.045,-0.632,-141.479,-64.880,-440.125
0.606,-1.307,-0.058,-196.655,-74.707,-521.790
-2.565,-2.558,0.889,-221.558,-68.481,-500.061
-4.000,-2.849,1.510,-234.192,-39.063,-370.361
-4.000,-3.688,2.022,-188.843,-39.856,-235.657
-4.000,-3.582,2.204,-128.418,4.333,-189.575
-4.000,-2.699,2.413,-126.587,30.701,-164.490
-3.590,-2.414,2.658,-107.361,-9.644,-82.214
-2.661,-2.244,2.198,-33.142,-43.274,-7.568
-2.001,-1.494,1.518,-0.122,-25.452,-0.061
-0.692,-0.802,0.706,3.052,27.039,24.963
0.700,-0.421,-0.172,26.245,84.167,72.083
1.237,-0.183,-0.582,32.166,88.257,57.495
0.908,-0.003,-0.486,13.733,24.231,0.549
0.324,-0.071,0.051,0.183,-53.589,-28.992
-0.142,-0.222,0.560,-2.380,-75.562,-36.865
-0.391,-0.319,1.005,-4.333,-45.044,-36.743
-0.384,-0.290,1.216,-3.113,-15.503,-27.832
-0.413,-0.301,1.224,3.784,-8.911,-18.005
-0.511,-0.341,1.194,11.963,-14.832,-12.939
-0.513,-0.279,1.073,19.531,-11.902,-6.958
-0.422,-0.195,0.970,23.926,-3.296,3.723
-0.281,-0.170,0.879,28.320,0.244,10.437
-0.193,-0.168,0.782,28.992,0.244,10.071
-0.179,-0.140,0.777,20.264,-2.686,5.493
-0.086,-0.071,0.720,16.968,-7.019,-0.793
-0.055,-0.006,0.787,10.803,-5.066,-7.202
-0.013,0.037,0.808,10.437,-6.226,-12.451
-0.083,0.028,0.855,8.179,-10.132,-18.005
-0.310,-0.006,0.985,5.310,-15.991,-22.522
-0.525,-0.020,1.105,9.094,-23.376,-21.851
-0.613,-0.026,1.195,10.559,-24.658,-15.320
-0.557,0.002,1.202,8.972,-14.160,-9.338
-0.425,0.040,1.149,4.944,-2.258,-5.981
-0.303,0.067,1.056,2.747,3.967,-4.150
-0.285,0.059,1.008,0.732,4.700,-6.042
-0.373,0.068,1.044,-0.549,0.366,-8.118
-0.389,0.053,1.078,2.563,-3.418,-5.859
-0.274,0.052,1.045,7.385,3.540,-1.221
-0.145,0.044,0.913,10.620,11.475,1.282
-0.132,0.023,0.787,10.071,8.484,-1.038
-0.221,0.014,0.781,5.554,-2.197,-8.057
-0.405,0.012,0.820,2.686,-13.000,-13.977
-0.513,0.010,0.909,1.648,-17.273,-12.329
-0.452,0.021,0.914,3.113,-12.573,-6.958
-0.348,0.011,0.880,5.493,-5.493,-2.136
-0.264,0.011,0.820,6.531,-5.066,-0.488
-0.274,-0.000,0.817,4.517,-9.399,-2.380
-0.335,0.024,0.865,1.465,-12.329,-5.432
-0.349,0.044,0.923,-0.977,-9.827,-5.249
-0.334,0.033,0.969,-1.526,-5.005,-3.296
-0.320,0.031,0.979,-0.916,-2.808,-2.869
-0.317,0.054,0.974,-0.916,-2.930,-3.479
-0.325,0.047,0.975,-0.427,-4.150,-3.540
-0.277,0.061,0.942,-0.732,-1.404,-2.380
-0.284,0.035,0.945,-1.404,3.784,-3.235
-0.309,0.021,0.983,-1.953,-0.244,-4.517
-0.363,-0.001,1.011,-0.671,-8.301,-4.211
-0.429,-0.020,1.066,0.549,-11.475,-2.991
-0.415,0.004,1.070,1.648,-11.292,-2.014
-0.390,0.005,1.040,4.639,-8.484,-0.122
-0.313,0.009,0.998,6.226,-5.493,1.343
-0.287,0.006,0.947,6.714,-1.282,-0.061
-0.328,-0.002,0.947,5.554,0.793,-1.587
-0.366,0.012,0.947,4.944,-1.404,-1.343
-0.394,0.009,0.965,5.798,-3.967,0.305
-0.402,0.011,0.954,6.897,-6.104,2.441
-0.349,0.027,0.931,7.202,-6.226,4.456
-0.278,0.022,0.911,5.737,-0.427,5.798
-0.257,0.025,0.954,3.235,4.028,4.028
-0.221,0.029,0.973,2.380,4.089,1.953
-0.247,-0.002,0.997,3.052,3.296,0.305
-0.299,0.014,1.016,4.211,0.244,-1.953
-0.316,0.008,1.003,6.470,-4.333,-1.953
-0.376,-0.000,0.972,8.545,-8.240,-1.892
-0.392,-0.002,0.944,7.446,-11.963,-0.916
-0.331,0.022,0.915,5.188,-8.911,1.648
-0.232,0.032,0.922,3.296,0.366,2.930
-0.188,0.027,0.904,1.282,5.310,1.099
-0.221,0.020,0.900,0.427,2.625,-2.197
-0.282,0.013,0.928,-0.671,-2.502,-5.066
-0.341,0.018,0.965,-1.648,-4.211,-6.592
-0.383,0.025,0.990,-1.587,-5.249,-6.470
-0.369,0.031,1.023,-0.671,-7.690,-4.700
-0.295,0.043,1.019,1.160,-6.042,-1.892
-0.242,0.031,1.003,2.930,-0.916,-0.366
-0.202,0.020,0.984,4.395,2.380,-0.732
-0.185,0.026,0.957,4.639,2.869,-2.625
-0.236,-0.002,0.938,4.822,1.221,-5.066
-0.312,-0.006,0.939,3.479,-1.526,-7.874
-0.392,0.005,0.959,1.343,-3.418,-8.972
-0.426,0.002,1.003,0.732,-4.883,-6.897
-0.423,0.009,1.018,1.343,-4.150,-4.028
-0.387,0.006,1.029,2.502,-3.174,-0.732
-0.322,0.020,1.032,3.845,-2.502,1.953
-0.272,0.037,1.009,5.371,-1.221,1.831
-0.240,0.031,0.969,6.836,-1.282,1.343
-0.216,0.025,0.935,6.348,-2.258,-0.549
-0.261,0.017,0.941,4.517,-4.211,-3.967
-0.306,0.017,0.974,2.930,-7.263,-5.920
-0.324,0.017,0.990,2.991,-8.240,-5.432
-0.314,0.029,0.964,3.906,-5.493,-4.089
-0.283,0.023,0.937,4.578,-2.014,-2.930
-0.274,0.015,0.903,4.456,-1.526,-2.930
-0.300,0.011,0.894,2.686,-4.028,-4.150
-0.351,0.012,0.913,0.183,-5.981,-6.104
-0.408,0.007,0.961,-1.648,-7.141,-6.165
-0.387,0.015,1.012,-2.136,-7.629,-4.150
-0.325,0.037,1.026,-1.160,-4.456,-2.075
-0.260,0.039,1.020,0.793,-1.465,-1.587

1.224,2.196,0.699,-34.119,94.299,10.132
1.798,2.388,0.637,-36.804,137.390,40.955
2.390,2.289,0.576,-2.625,152.405,86.670
3.042,2.116,0.167,74.158,124.084,122.192
3.801,1.690,-0.531,123.596,62.866,107.605
3.998,1.085,-1.189,69.153,19.714,28.809
3.998,0.411,-1.098,-62.378,16.418,-122.009
3.969,-0.304,-0.871,-189.514,28.931,-308.228
2.866,-1.302,-0.611,-294.250,28.076,-489.868
0.472,-2.919,0.305,-352.234,0.916,-641.907
-3.140,-4.000,1.021,-360.840,-14.160,-684.082
-4.000,-4.000,1.905,-300.110,-140.137,-532.227
-4.000,-3.734,3.614,-310.242,-278.076,-304.871
-4.000,-2.714,4.000,-235.168,-225.647,-146.667
-4.000,-2.227,4.000,-69.397,-9.827,-48.340
-2.152,-2.144,2.848,-23.132,151.794,44.373
-0.365,-1.240,1.145,-17.273,194.214,100.525
0.775,-0.283,0.391,6.165,147.949,94.238
1.504,0.140,-0.194,23.926,95.276,49.744
1.500,0.289,-0.387,27.283,40.344,6.165
1.279,0.362,-0.310,14.832,13.184,-28.381
1.066,0.215,-0.109,-0.854,3.296,-48.401
0.761,0.016,0.210,-18.616,-9.644,-62.561
0.070,-0.234,0.577,-31.067,-30.701,-78.491
-0.722,-0.513,0.997,-32.837,-43.213,-83.252
-1.326,-0.643,1.417,-22.644,-34.302,-73.303
-1.360,-0.531,1.509,-8.484,-11.658,-52.124
-1.055,-0.382,1.325,0.122,15.198,-26.611
-0.671,-0.293,0.994,17.822,35.339,-7.568
-0.385,-0.203,0.812,20.935,31.311,-0.549
-0.323,-0.141,0.793,18.799,13.306,-1.038
-0.309,-0.103,0.860,17.334,-2.808,-2.686
-0.277,-0.041,0.914,15.930,-2.075,-1.648
-0.163,-0.001,0.888,16.357,9.827,1.404
-0.062,0.007,0.806,15.198,20.447,0.977
-0.069,0.031,0.789,8.789,19.775,-6.897
-0.218,0.030,0.822,3.601,8.667,-16.113
-0.448,-0.012,0.942,0.610,-2.502,-21.057
-0.539,-0.024,1.082,-0.977,-10.193,-21.362
-0.507,-0.002,1.138,-0.244,-9.705,-18.433
-0.468,-0.007,1.164,2.136,-3.540,-14.709
-0.366,0.020,1.136,4.822,0.671,-11.658
-0.345,0.030,1.083,8.484,6.409,-10.742
-0.368,0.016,1.021,10.986,5.249,-11.414
-0.416,-0.016,0.935,13.672,-1.038,-11.719
-0.469,-0.053,0.924,11.108,-4.456,-11.292
-0.505,-0.084,0.960,8.240,-5.371,-10.010
-0.504,-0.059,0.992,7.019,-8.850,-8.423
-0.379,-0.006,0.966,8.545,-8.850,-3.113
-0.207,0.002,0.871,11.536,0.549,1.526
-0.106,0.008,0.816,10.681,8.362,0.366
-0.061,-0.005,0.786,8.850,6.348,-3.967
-0.146,-0.047,0.788,6.531,-0.366,-9.644
-0.276,-0.070,0.858,2.319,-8.362,-15.625
-0.351,-0.060,0.921,0.183,-13.855,-16.418
-0.396,-0.063,0.942,0.732,-13.306,-14.526
-0.416,-0.047,0.935,0.305,-11.230,-12.695
-0.375,-0.034,0.946,0.366,-9.277,-9.277
-0.355,-0.040,0.975,0.732,-7.507,-7.324
-0.365,-0.049,0.989,-0.183,-8.057,-7.263
-0.410,-0.041,1.001,-1.160,-9.583,-7.324
-0.468,-0.034,1.024,-1.038,-12.390,-7.080
-0.488,-0.001,1.013,1.038,-15.015,-5.432
-0.404,0.031,1.004,2.441,-11.902,-1.953
-0.277,0.032,0.977,3.784,-2.380,1.404
-0.229,0.014,0.975,4.517,5.005,-0.366
-0.242,0.012,0.984,5.554,4.272,-3.784
-0.309,-0.013,0.981,7.385,-0.305,-5.127
-0.367,-0.026,0.951,8.240,-2.991,-5.493
-0.345,0.005,0.910,7.324,-2.197,-4.456
-0.263,0.002,0.856,7.080,1.160,-1.709
-0.212,-0.027,0.837,4.639,2.380,-1.770
-0.231,-0.017,0.847,0.061,-2.625,-4.944
-0.289,-0.008,0.920,-3.235,-9.583,-7.446
-0.341,-0.031,0.964,-3.723,-10.803,-7.324
-0.401,-0.051,1.000,-3.296,-6.470,-7.507
-0.387,-0.028,1.034,-2.502,-4.089,-6.165
-0.348,-0.016,1.047,0.671,-1.282,-3.418
-0.299,-0.005,1.018,4.089,2.625,-2.014
-0.293,0.008,0.959,6.714,5.066,-2.625
-0.310,-0.010,0.918,7.019,2.563,-4.150
-0.356,-0.011,0.908,5.554,-2.258,-5.554
-0.405,-0.010,0.933,3.967,-5.005,-5.676
-0.430,-0.026,0.963,3.601,-6.226,-4.395
-0.416,-0.027,0.970,3.784,-4.517,-2.625
-0.368,-0.015,0.966,3.662,-1.587,-1.099
-0.332,-0.000,0.945,3.601,-1.221,-1.526
-0.317,0.006,0.947,2.869,-2.380,-2.930
-0.316,0.009,0.961,1.831,-2.686,-3.845
-0.371,-0.004,0.994,1.465,-2.563,-4.944
-0.409,-0.004,1.031,2.197,-3.418,-5.127
-0.449,-0.011,1.033,3.845,-3.174,-4.089
-0.466,0.000,1.020,5.493,-2.258,-2.075
-0.444,0.023,0.982,6.775,-1.038,0.488
-0.394,0.022,0.957,7.507,-0.610,3.540
-0.358,0.019,0.953,7.080,-2.014,4.761
-0.327,0.029,0.968,6.592,-4.272,5.127
-0.327,0.016,1.010,6.531,-5.737,4.761
-0.289,0.020,1.031,7.080,-6.531,4.700
-0.273,0.013,1.017,7.935,-4.822,3.235
-0.291,0.009,1.004,8.179,-4.639,0.916
-0.303,0.007,0.987,7.996,-6.958,0.000
-0.319,0.004,0.972,7.446,-6.714,-0.366
-0.350,0.002,0.960,6.958,-4.517,-0.427
-0.341,0.004,0.948,6.775,-4.272,0.916
-0.329,-0.003,0.939,7.019,-3.479,2.197
-0.311,-0.003,0.944,6.775,-3.601,2.258
-0.279,0.007,0.929,6.470,-4.578,2.014
-0.266,-0.000,0.920,5.676,-4.333,1.160
-0.255,-0.003,0.927,4.333,-4.150,-0.549
-0.272,-0.002,0.921,3.540,-4.700,-2.502
-0.292,-0.006,0.922,2.991,-4.883,-4.150
-0.332,-0.017,0.929,2.197,-3.784,-4.578
-0.362,-0.008,0.969,1.831,-3.418,-4.456
-0.390,-0.008,0.986,3.357,-4.761,-3.601
-0.397,-0.004,0.984,5.432,-5.737,-2.319
-0.358,-0.005,0.969,6.836,-5.249,-0.488
-0.293,0.012,0.927,7.019,-1.343,0.549
-0.256,0.007,0.882,6.104,2.258,0.061

0.842,1.474,0.900,-23.010,50.537,-18.555
1.391,1.735,1.032,-30.396,68.054,-6.897
2.024,1.887,1.170,-30.151,80.505,5.615
2.742,1.904,1.231,-9.277,77.087,10.315
3.466,1.686,1.109,33.325,62.012,-3.235
3.998,1.430,0.370,81.299,77.698,-42.908
3.998,0.911,-0.817,61.523,99.854,-138.184
3.998,0.135,-1.059,-22.827,59.692,-305.420
3.795,-0.723,-1.199,-148.132,48.584,-503.784
2.375,-1.842,-0.629,-254.089,14.160,-666.321
-0.848,-3.257,-0.081,-312.439,-36.194,-734.375
-3.949,-3.529,0.830,-284.729,-192.993,-622.681
-4.000,-3.549,1.898,-271.973,-345.703,-384.338
-4.000,-3.688,3.293,-261.780,-293.213,-229.248
-4.000,-3.325,3.180,-160.522,-58.044,-138.062
-2.919,-2.548,2.690,-118.958,96.130,-58.044
-1.751,-2.150,2.214,-77.332,69.397,-6.958
-1.297,-1.582,1.718,-23.315,-4.883,-1.465
-0.985,-0.904,1.331,8.240,-31.494,-5.371
-0.455,-0.413,0.730,34.546,9.888,13.672
0.167,-0.123,0.198,43.579,68.909,35.034
0.622,0.144,-0.036,32.776,78.918,30.151
0.795,0.260,-0.106,24.719,44.434,13.855
0.568,0.155,0.146,15.808,1.160,-3.601
0.227,0.067,0.476,5.920,-22.156,-18.616
-0.147,-0.047,0.765,1.038,-18.066,-25.940
-0.447,-0.157,0.991,2.991,-9.583,-26.917
-0.608,-0.249,1.120,5.188,-8.972,-21.118
-0.742,-0.315,1.175,9.888,-9.216,-17.090
-0.816,-0.291,1.192,14.893,-10.315,-14.282
-0.744,-0.216,1.185,18.860,-12.512,-5.554
-0.494,-0.135,1.113,23.743,-8.179,4.883
-0.198,-0.042,0.970,25.818,3.113,9.705
0.012,0.001,0.822,23.499,13.000,6.836
0.119,0.002,0.837,17.517,14.648,0.610
0.020,0.019,0.894,12.268,5.249,-10.193
-0.167,-0.009,0.961,11.169,-10.193,-18.921
-0.339,-0.039,1.016,11.902,-18.616,-21.912
-0.417,-0.034,1.065,11.597,-16.357,-21.606
-0.444,-0.008,1.060,10.010,-9.033,-19.348
-0.513,-0.029,1.045,9.399,-5.127,-17.334
-0.540,-0.013,1.035,8.484,-9.766,-15.076
-0.498,0.024,1.038,9.583,-13.916,-11.108
-0.455,0.054,1.041,12.695,-14.160,-7.935
-0.372,0.065,1.033,9.888,-17.212,-3.174
-0.292,0.070,1.035,7.324,-19.165,-0.427
-0.307,0.033,1.011,7.751,-17.334,-1.770
-0.288,0.030,1.001,7.507,-12.024,-2.869
-0.220,0.039,0.982,7.690,1.648,-2.014
-0.123,0.054,0.893,9.338,15.015,-2.319
-0.068,0.043,0.820,10.132,19.287,-4.639
-0.080,0.004,0.751,9.827,13.123,-9.094
-0.222,-0.024,0.734,6.775,2.197,-14.526
-0.394,-0.051,0.781,2.747,-9.155,-16.846
-0.501,-0.089,0.845,0.183,-17.029,-15.686
-0.585,-0.125,0.921,-2.075,-18.433,-13.306
-0.544,-0.107,1.010,-4.089,-15.930,-8.423
-0.405,-0.035,1.043,-3.418,-9.094,-3.296
-0.245,0.004,1.004,-1.038,0.916,-0.183
-0.163,0.007,0.935,0.427,6.714,-0.488
-0.212,-0.019,0.896,0.793,2.075,-3.784
-0.343,-0.062,0.924,-0.732,-9.521,-7.202
-0.451,-0.089,0.970,-2.197,-16.541,-7.812
-0.472,-0.069,1.016,-1.221,-13.550,-5.005
-0.340,-0.054,1.019,1.038,-6.714,0.244
-0.203,-0.033,0.963,2.625,1.465,2.502
-0.180,-0.019,0.918,2.441,2.869,-0.549
-0.241,-0.016,0.912,2.808,-4.089,-4.089
-0.332,-0.006,0.925,3.540,-9.521,-5.493
-0.337,-0.024,0.892,4.517,-9.094,-3.723
-0.289,-0.043,0.847,2.563,-2.014,-1.709
-0.224,-0.019,0.870,-2.197,3.601,-1.831
-0.199,-0.021,0.904,-2.563,2.319,-2.808
-0.239,-0.037,0.942,-2.197,-1.648,-4.456
-0.273,-0.051,0.974,-2.014,-2.319,-5.798
-0.314,-0.056,0.966,-1.099,-0.061,-6.897
-0.342,-0.049,0.961,-0.488,0.916,-6.714
-0.368,-0.043,0.968,0.793,-0.671,-5.737
-0.376,-0.056,0.980,1.953,-3.052,-4.150
-0.389,-0.047,0.995,2.625,-4.395,-2.686
-0.343,-0.027,1.017,3.235,-3.418,-0.916
-0.274,-0.016,1.003,4.395,0.854,1.282
-0.240,-0.027,0.991,4.944,2.747,0.854
-0.244,-0.020,0.973,4.822,1.282,-1.282
-0.290,-0.020,0.970,3.967,-2.319,-3.784
-0.353,-0.030,0.980,3.418,-7.080,-5.310
-0.405,-0.026,1.010,2.625,-9.277,-5.005
-0.403,-0.012,1.042,2.441,-9.033,-3.174
-0.355,0.007,1.034,4.028,-6.348,-0.977
-0.307,0.007,1.020,4.944,-0.916,0.549
-0.267,-0.001,1.003,4.639,2.563,0.366
-0.265,-0.007,0.984,3.845,0.488,-1.282
-0.330,-0.019,0.997,3.235,-6.165,-3.479
-0.389,-0.027,1.003,3.235,-12.024,-4.333
-0.397,-0.020,1.016,2.991,-12.390,-3.174
-0.335,-0.000,1.002,3.174,-7.996,-0.793
-0.270,-0.006,0.961,3.540,-3.662,0.671
-0.244,-0.012,0.947,2.380,-3.174,-0.122
-0.257,-0.019,0.951,1.221,-6.958,-1.465
-0.307,-0.032,0.983,0.427,-11.047,-3.113
-0.345,-0.036,1.016,0.977,-13.306,-3.174
-0.328,-0.026,1.025,2.441,-11.963,-1.343
-0.289,-0.020,1.009,4.395,-7.751,0.549
-0.236,-0.019,0.980,5.615,-5.981,1.648
-0.195,-0.009,0.957,5.615,-5.432,1.404
-0.196,-0.019,0.925,5.310,-4.150,-0.488
-0.229,-0.027,0.911,4.272,-5.066,-2.747
-0.272,-0.040,0.933,2.808,-8.362,-4.639
-0.339,-0.041,0.945,2.319,-11.047,-5.859
-0.341,-0.035,0.973,2.441,-11.047,-4.700
-0.311,-0.026,0.967,3.418,-6.714,-2.441
-0.305,-0.029,0.945,4.150,-2.380,-1.892
-0.296,-0.022,0.928,4.333,-2.197,-1.770
-0.302,-0.040,0.925,4.089,-4.395,-1.587
-0.332,-0.051,0.918,2.625,-7.935,-2.869
-0.346,-0.047,0.936,0.305,-11.292,-3.723
-0.336,-0.022,0.970,-1.770,-11.414,-3.113
-0.284,0.002,0.993,-1.953,-9.277,-1.282
-0.210,0.024,0.995,-0.671,-3.418,-0.122

1.585,1.398,1.298,-35.339,-40.710,30.151
2.419,1.548,1.623,-41.016,-33.203,43.640
3.268,1.658,1.549,-17.822,-9.033,51.758
3.985,1.585,1.225,40.955,16.602,35.583
3.998,1.451,0.582,90.515,41.565,-19.470
3.998,1.034,-0.409,85.144,35.950,-130.310
3.998,0.482,-0.502,38.208,-34.546,-287.476
3.861,-0.106,-0.534,-72.388,-61.768,-455.200
2.511,-0.911,-0.391,-163.574,-63.660,-603.882
-0.140,-2.464,0.031,-232.971,-33.447,-699.463
-3.888,-3.067,0.550,-261.841,-34.058,-659.729
-4.000,-2.655,1.475,-242.432,-113.770,-446.167
-4.000,-2.664,2.463,-238.220,-162.415,-251.526
-4.000,-2.548,2.462,-174.011,-67.139,-186.462
-3.275,-2.340,1.964,-118.591,46.509,-131.287
-2.018,-2.052,1.810,-98.267,33.203,-66.467
-1.476,-1.749,1.694,-66.406,-38.513,-40.466
-1.471,-1.304,1.673,-40.771,-67.505,-46.997
-1.136,-0.784,1.287,-4.578,-25.513,-24.902
-0.300,-0.463,0.719,31.189,47.119,17.212
0.417,-0.221,0.128,45.044,87.280,35.706
0.573,-0.165,-0.251,38.574,64.148,18.250
0.282,-0.213,-0.036,16.357,2.625,-9.094
-0.155,-0.206,0.402,1.404,-42.236,-23.926
-0.474,-0.291,0.796,-3.418,-42.908,-24.780
-0.475,-0.309,0.971,-5.798,-20.264,-16.418
-0.346,-0.271,1.107,-4.761,1.953,-6.104
-0.245,-0.287,1.135,8.240,6.592,-1.587
-0.313,-0.307,1.190,15.198,0.671,-3.723
-0.420,-0.256,1.129,20.447,-10.681,-7.690
-0.450,-0.233,1.016,24.292,-15.686,-6.897
-0.433,-0.200,0.937,24.414,-12.939,-4.211
-0.247,-0.125,0.904,21.667,-9.827,-1.587
-0.143,-0.065,0.879,18.066,-5.371,-1.587
-0.141,-0.001,0.888,15.137,-5.859,-6.226
-0.133,0.046,0.909,12.085,-6.714,-9.216
-0.212,0.046,0.934,10.925,-3.906,-11.780
-0.327,0.010,0.966,9.766,-3.357,-15.198
-0.433,0.006,1.004,8.057,-6.287,-15.625
-0.492,0.004,1.071,6.836,-7.996,-13.977
-0.451,0.035,1.074,6.958,-7.202,-11.597
-0.423,0.016,1.020,8.789,-4.700,-9.094
-0.369,0.009,0.950,9.644,-4.272,-7.996
-0.348,0.010,0.893,8.057,-4.395,-8.667
-0.322,0.002,0.902,5.737,-4.761,-9.949
-0.312,0.011,0.892,4.944,-2.136,-9.705
-0.313,0.010,0.894,4.517,-2.686,-10.010
-0.251,0.033,0.868,5.005,-4.639,-9.460
-0.223,0.023,0.833,4.639,-2.502,-8.911
-0.174,0.013,0.824,3.296,-0.793,-9.644
-0.153,-0.010,0.794,2.747,-0.305,-10.071
-0.239,-0.056,0.794,0.793,-1.160,-13.123
-0.370,-0.073,0.847,-2.563,-4.578,-16.052
-0.469,-0.084,0.904,-4.211,-10.010,-14.771
-0.507,-0.063,0.938,-4.211,-11.780,-12.573
-0.504,-0.021,0.983,-3.845,-11.475,-9.155
-0.401,-0.003,0.994,-1.221,-11.719,-3.357
-0.323,-0.011,1.000,2.197,-6.714,-0.244
-0.266,0.003,1.024,2.747,-1.587,-0.305
-0.150,0.022,0.999,4.883,1.160,-0.366
-0.128,-0.001,0.917,6.592,5.615,-2.869
-0.178,-0.016,0.882,4.272,4.150,-7.751
-0.247,-0.014,0.880,1.099,-2.747,-10.864
-0.373,-0.037,0.912,-1.892,-5.920,-12.512
-0.479,-0.052,0.973,-2.502,-5.432,-11.169
-0.490,-0.042,1.001,-1.343,-5.432,-6.226
-0.464,-0.035,1.011,0.549,-4.944,-1.282
-0.414,-0.021,1.014,2.441,-6.836,1.465
-0.341,-0.001,0.991,3.174,-8.667,2.258
-0.325,-0.011,0.996,2.197,-7.080,0.549
-0.335,0.001,1.026,0.610,-7.751,-1.343
-0.300,0.015,1.041,1.404,-9.399,-1.038
-0.307,-0.012,1.025,2.441,-6.287,-0.916
-0.343,-0.008,1.024,2.258,-3.174,-2.014
-0.328,0.011,1.021,3.052,-2.930,-1.221
-0.313,-0.001,0.993,4.822,-0.061,0.122
-0.311,-0.017,0.967,5.676,2.747,-0.549
-0.342,-0.038,0.941,5.737,-1.099,-1.648
-0.395,-0.049,0.945,5.188,-7.507,-2.502
-0.404,-0.024,0.966,4.211,-9.460,-1.953
-0.348,-0.000,0.968,4.639,-6.348,0.305
-0.274,-0.025,0.941,5.920,-2.747,2.747
-0.205,-0.007,0.917,5.371,-2.319,2.502
-0.186,0.003,0.928,4.272,-2.686,0.916
-0.240,-0.020,0.947,4.272,-3.235,-1.343
-0.302,-0.039,0.975,4.517,-4.272,-2.625
-0.337,-0.042,0.993,4.944,-4.517,-2.441
-0.340,-0.030,0.983,5.005,-3.052,-2.075
-0.320,-0.030,0.956,5.249,-2.747,-0.854
-0.311,-0.015,0.938,4.333,-3.845,-0.427
-0.298,0.002,0.930,3.540,-6.531,-0.061
-0.285,0.001,0.946,3.174,-6.775,-0.061
-0.253,0.012,0.958,2.380,-2.502,-0.244
-0.212,0.009,0.955,2.380,2.441,-0.793
-0.225,-0.009,0.948,2.930,1.953,-2.747
-0.270,-0.008,0.950,2.808,-3.296,-5.127
-0.337,-0.016,0.964,2.686,-7.874,-5.859
-0.386,-0.013,0.976,3.052,-7.996,-5.249
-0.381,-0.011,0.976,3.784,-3.967,-3.296
-0.331,-0.002,0.983,2.991,1.160,-1.526
-0.275,0.004,1.003,2.563,4.333,-0.793
-0.251,-0.003,1.012,4.700,4.639,-1.465
-0.248,-0.000,1.010,5.676,3.296,-2.136
-0.246,0.011,0.975,6.897,3.174,-3.418
-0.275,-0.003,0.936,7.507,3.967,-4.944
-0.314,-0.009,0.918,6.470,0.671,-6.348
-0.349,-0.010,0.920,4.761,-4.211,-7.324
-0.420,-0.033,0.940,3.357,-5.981,-7.202
-0.412,-0.009,0.964,1.892,-6.531,-5.615
-0.382,-0.015,0.978,2.441,-4.883,-2.625
-0.343,0.003,0.968,2.991,-2.930,-1.038
-0.274,0.025,0.957,3.601,-1.343,-0.122
-0.221,0.016,0.949,3.662,2.014,-0.549
-0.234,0.012,0.958,2.686,3.357,-3.479
-0.291,-0.006,1.000,2.869,-0.366,-6.226
-0.354,-0.011,1.009,4.211,-3.418,-7.263
-0.386,-0.025,0.984,5.859,-3.723,-6.958
-0.382,-0.017,0.946,6.470,-2.808,-5.676
-0.369,-0.002,0.916,5.371,-2.380,-4.578

1.404,1.333,1.002,-28.564,-33.752,44.128
2.054,1.509,1.288,-39.307,-14.832,64.819
3.114,1.593,1.713,-29.236,19.836,91.675
3.998,1.557,1.796,22.827,48.828,92.102
3.998,1.411,1.356,91.187,48.157,37.476
3.998,1.006,0.896,117.004,5.310,-66.895
3.998,0.489,0.407,83.618,-46.631,-205.566
3.998,-0.004,0.260,17.639,-83.679,-378.479
3.613,-0.630,0.335,-62.561,-63.171,-582.214
1.860,-1.994,0.222,-109.924,11.292,-784.912
-1.701,-3.972,-0.042,-139.343,50.415,-901.672
-4.000,-4.000,0.183,-139.832,-63.721,-766.052
-4.000,-3.417,1.860,-196.350,-284.180,-376.038
-4.000,-2.709,3.426,-178.040,-349.487,-190.491
-4.000,-2.840,2.758,-63.171,-94.666,-158.020
-3.486,-2.740,2.067,-45.837,111.877,-49.133
-1.790,-1.873,1.204,-24.475,113.281,54.504
-0.978,-1.082,1.033,-5.737,43.762,50.415
-0.290,-0.430,0.854,6.592,-8.301,33.691
0.405,0.010,0.319,27.527,-3.784,40.588
0.923,0.251,-0.061,25.818,20.020,28.198
0.850,0.251,-0.064,13.184,11.230,-2.258
0.430,0.077,0.141,3.967,-28.503,-25.757
-0.239,-0.135,0.391,-4.089,-53.284,-39.734
-0.762,-0.300,0.686,-11.658,-51.025,-41.321
-0.869,-0.339,0.966,-19.531,-36.377,-31.738
-0.754,-0.284,1.139,-23.315,-18.311,-21.912
-0.613,-0.214,1.244,-16.113,-8.362,-17.517
-0.467,-0.155,1.274,-3.235,-6.165,-14.526
-0.426,-0.126,1.254,9.644,-5.432,-13.184
-0.435,-0.106,1.140,21.667,-8.789,-11.658
-0.520,-0.110,1.006,28.503,-11.536,-10.559
-0.549,-0.084,0.932,27.283,-12.451,-7.935
-0.400,0.017,0.893,22.156,-8.850,-3.357
-0.181,0.096,0.790,18.311,3.418,-0.610
-0.082,0.111,0.729,13.733,12.878,-2.258
-0.049,0.080,0.748,8.301,7.629,-8.179
-0.136,0.064,0.818,3.296,-3.967,-16.602
-0.358,0.015,0.911,0.610,-16.174,-23.437
-0.504,0.002,1.024,-0.183,-25.391,-24.292
-0.519,0.015,1.087,0.610,-24.231,-21.545
-0.520,0.008,1.140,1.465,-15.442,-18.372
-0.404,0.062,1.112,3.662,-7.263,-14.954
-0.329,0.096,1.037,5.920,0.183,-12.085
-0.351,0.088,0.954,8.606,-2.197,-11.780
-0.417,0.055,0.889,11.597,-10.986,-10.498
-0.467,0.032,0.859,12.085,-13.062,-9.888
-0.504,0.010,0.866,10.742,-8.789,-9.644
-0.482,0.005,0.873,10.071,-5.127,-8.118
-0.407,0.033,0.868,9.094,0.061,-4.944
-0.269,0.060,0.836,8.850,11.780,-1.953
-0.203,0.064,0.750,8.850,25.269,-2.197
-0.262,0.038,0.658,7.690,22.766,-6.531
-0.390,-0.012,0.653,5.859,3.479,-9.888
-0.523,-0.034,0.758,1.709,-12.939,-11.597
-0.572,-0.034,0.851,-0.854,-17.578,-10.071
-0.487,-0.006,0.900,-2.136,-13.977,-4.456
-0.400,0.024,0.897,-3.723,-7.874,-1.160
-0.358,0.058,0.879,-5.554,-7.446,-0.977
-0.418,0.065,0.874,-7.324,-12.756,-2.625
-0.509,0.038,0.950,-8.972,-19.714,-3.662
-0.526,0.050,1.051,-9.338,-23.804,-2.075
-0.451,0.065,1.114,-7.141,-20.325,1.099
-0.353,0.061,1.111,-2.747,-11.353,2.686
-0.297,0.072,1.087,0.671,-4.456,1.587
-0.270,0.064,1.025,3.601,-0.488,0.549
-0.273,0.064,0.964,4.639,3.357,-1.343
-0.305,0.043,0.933,4.395,3.601,-3.906
-0.359,0.001,0.919,4.333,-1.831,-5.554
-0.423,-0.037,0.910,3.662,-10.071,-6.409
-0.453,-0.006,0.944,1.343,-14.526,-6.714
-0.441,-0.006,0.970,1.404,-13.611,-4.761
-0.398,-0.010,0.956,2.991,-8.972,-2.563
-0.338,0.010,0.949,3.296,-4.456,-1.831
-0.304,0.021,0.917,4.395,-2.014,-2.747
-0.323,0.010,0.900,5.493,-2.625,-4.272
-0.358,-0.004,0.891,5.127,-8.057,-5.066
-0.422,-0.009,0.888,4.150,-12.329,-6.104
-0.462,-0.012,0.912,2.502,-12.085,-5.676
-0.426,0.010,0.935,1.770,-9.338,-3.418
-0.363,0.003,0.949,1.526,-3.906,-1.465
-0.320,0.015,0.934,1.709,-0.122,-2.258
-0.317,0.017,0.928,2.319,-1.221,-3.296
-0.355,0.006,0.931,3.113,-5.310,-4.822
-0.437,0.005,0.957,3.418,-7.751,-6.104
-0.437,0.006,0.955,4.150,-6.836,-4.272
-0.427,-0.005,0.922,4.272,-1.648,-2.258
-0.394,-0.003,0.918,3.357,-1.038,-1.587
-0.353,0.000,0.909,2.747,-4.578,-1.221
-0.353,0.002,0.913,1.160,-6.470,-2.625
-0.353,0.026,0.922,-1.526,-8.972,-3.845
-0.339,0.043,0.921,-2.502,-13.550,-4.395
-0.336,0.034,0.910,-1.587,-15.198,-5.066
-0.344,0.032,0.923,-2.686,-15.198,-5.188
-0.363,0.018,0.942,-1.282,-16.296,-5.005
-0.378,0.003,0.962,-0.610,-17.334,-3.540
-0.365,-0.001,0.979,-0.610,-14.832,-1.892
-0.338,0.003,0.999,-0.610,-10.925,-1.099
-0.299,0.023,0.990,0.427,-8.972,-1.404
-0.282,0.042,0.981,1.892,-8.850,-2.319
-0.285,0.043,0.962,3.723,-7.629,-3.174
-0.299,0.034,0.956,4.700,-5.737,-3.845
-0.324,0.027,0.944,5.493,-4.578,-4.822
-0.343,0.005,0.918,6.714,-5.249,-5.432
-0.352,-0.006,0.889,6.653,-6.592,-5.737
-0.362,-0.009,0.881,4.578,-8.301,-5.798
-0.359,0.014,0.891,2.563,-10.132,-5.005
-0.334,0.028,0.907,1.099,-9.094,-3.235
-0.311,0.023,0.920,0.793,-5.249,-2.197
-0.272,0.018,0.940,0.610,-0.854,-2.258
-0.241,0.018,0.956,0.977,2.014,-3.174
-0.243,0.018,0.940,1.770,2.441,-5.371
-0.278,0.000,0.940,1.648,-0.061,-7.324
-0.339,-0.002,0.930,1.160,-4.822,-9.583
-0.395,-0.008,0.940,0.671,-9.705,-10.315
-0.430,-0.004,0.957,0.061,-11.719,-9.644
-0.433,-0.002,0.969,-0.183,-9.583,-8.118
-0.425,0.005,0.976,0.000,-6.226,-6.226
-0.418,0.008,0.982,0.610,-5.371,-4.639

0.962,1.128,1.004,-34.363,-48.523,25.330
1.386,1.259,1.145,-36.682,-45.044,32.593
1.976,1.364,1.344,-28.992,-20.142,42.969
2.539,1.371,1.389,-4.395,8.545,47.913
3.074,1.260,1.345,29.480,17.578,40.161
3.370,1.007,1.206,75.684,-11.047,16.235
3.475,0.655,0.899,124.023,-70.618,-19.958
3.573,0.188,0.344,136.963,-139.038,-84.595
3.759,-0.382,-0.374,79.834,-166.443,-198.181
3.403,-1.076,-0.656,-24.597,-118.103,-367.981
2.379,-1.891,-0.585,-142.395,-17.639,-565.247
0.203,-3.329,-0.409,-240.417,86.975,-743.103
-3.802,-4.000,0.011,-258.789,74.524,-786.133
-4.000,-3.500,0.651,-235.413,-70.984,-577.881
-4.000,-2.466,2.389,-277.344,-232.056,-290.588
-4.000,-2.059,3.534,-211.121,-219.116,-168.030
-4.000,-1.953,2.875,-84.534,-11.719,-137.451
-3.206,-1.590,2.175,-66.895,123.962,-65.186
-1.327,-0.939,1.455,-49.805,125.610,10.315
-0.157,-0.318,0.862,-19.897,89.417,43.335
0.376,-0.056,0.471,-2.747,53.833,25.940
0.581,0.120,0.302,-1.282,25.818,1.770
0.632,0.176,0.231,-2.441,18.677,-7.568
0.361,0.057,0.370,-7.263,12.390,-24.353
-0.094,-0.055,0.558,-12.756,-7.446,-40.894
-0.523,-0.130,0.750,-18.799,-28.259,-46.753
-0.806,-0.200,0.977,-23.804,-32.654,-39.734
-0.810,-0.222,1.131,-24.475,-23.804,-31.189
-0.783,-0.172,1.124,-20.996,-12.268,-24.414
-0.686,-0.166,1.094,-11.780,-12.390,-18.616
-0.546,-0.134,1.069,-2.930,-15.564,-11.597
-0.436,-0.136,1.083,3.601,-16.602,-8.667
-0.313,-0.103,1.050,9.521,-15.991,-7.202
-0.259,-0.069,0.985,13.611,-13.855,-7.935
-0.208,-0.042,0.928,12.756,-10.376,-9.949
-0.185,0.008,0.908,11.963,-9.399,-9.583
-0.223,0.033,0.881,10.254,-12.878,-10.071
-0.327,0.005,0.883,8.179,-14.526,-11.841
-0.437,-0.016,0.913,4.333,-12.756,-12.146
-0.502,-0.031,0.965,1.526,-9.583,-12.451
-0.502,-0.039,0.998,0.549,-7.263,-12.085
-0.516,-0.069,1.025,1.831,-8.667,-11.230
-0.469,-0.053,1.033,2.014,-15.442,-11.108
-0.408,-0.037,1.013,2.563,-18.188,-10.376
-0.411,-0.042,0.975,3.540,-16.602,-9.277
-0.396,-0.040,0.947,4.883,-15.930,-6.531
-0.344,-0.037,0.931,7.324,-12.390,-2.686
-0.305,-0.054,0.916,8.728,-5.920,-0.977
-0.270,-0.054,0.900,9.766,-2.808,-1.953
-0.212,-0.060,0.855,10.559,-1.953,-2.930
-0.241,-0.077,0.808,8.911,-0.549,-6.104
-0.265,-0.072,0.813,5.798,-2.319,-9.155
-0.297,-0.064,0.840,3.662,-5.554,-10.315
-0.355,-0.066,0.884,2.869,-8.911,-10.193
-0.414,-0.083,0.901,3.601,-11.658,-10.193
-0.437,-0.076,0.906,3.296,-12.634,-9.216
-0.399,-0.054,0.932,2.136,-12.634,-6.531
-0.324,-0.040,0.942,1.892,-8.423,-4.395
-0.303,-0.042,0.962,1.526,-2.563,-4.822
-0.269,-0.014,0.982,0.732,0.427,-5.676
-0.247,-0.006,1.003,0.671,4.883,-7.080
-0.305,-0.018,1.013,0.916,9.094,-10.864
-0.390,-0.025,1.015,2.258,8.789,-13.245
-0.437,-0.026,0.977,5.188,4.944,-12.634
-0.451,-0.032,0.951,6.531,3.540,-10.437
-0.411,-0.011,0.921,5.554,7.751,-8.484
-0.390,-0.016,0.884,4.761,11.597,-6.470
-0.372,-0.032,0.869,4.028,8.240,-5.188
-0.371,-0.037,0.877,2.197,1.648,-4.517
-0.376,-0.055,0.904,0.305,-4.761,-4.395
-0.405,-0.059,0.953,-1.404,-10.132,-5.859
-0.398,-0.042,1.005,-2.319,-12.817,-5.310
-0.374,-0.033,1.020,-0.122,-12.024,-4.272
-0.303,-0.011,0.989,2.625,-7.568,-3.357
-0.302,-0.016,0.944,5.371,-2.197,-3.784
-0.325,-0.016,0.908,7.202,-3.235,-4.822
-0.361,-0.014,0.880,8.484,-5.859,-4.639
-0.406,-0.022,0.866,8.362,-6.165,-4.272
-0.414,-0.020,0.854,6.226,-5.127,-3.418
-0.403,-0.013,0.877,3.662,-3.845,-2.258
-0.393,-0.022,0.910,1.709,-2.441,-1.404
-0.371,-0.000,0.943,0.488,-1.892,-1.221
-0.361,0.013,0.964,1.038,-2.075,-1.465
-0.327,0.025,0.966,2.991,-1.343,-2.197
-0.334,0.018,0.947,4.700,0.366,-3.662
-0.360,0.013,0.932,5.737,-0.854,-5.188
-0.419,-0.002,0.941,6.653,-4.333,-5.737
-0.474,-0.020,0.931,6.653,-6.836,-4.395
-0.498,-0.022,0.922,5.371,-6.104,-2.930
-0.478,-0.008,0.920,3.113,-3.296,-0.977
-0.416,-0.001,0.933,2.197,0.244,1.404
-0.394,-0.002,0.931,2.258,3.723,1.770
-0.394,-0.005,0.941,2.319,3.906,1.038
-0.409,-0.003,0.949,3.479,1.953,0.488
-0.427,-0.003,0.933,5.127,0.366,0.305
-0.432,-0.005,0.906,6.531,-0.549,0.916
-0.425,-0.005,0.880,6.714,-1.770,1.953
-0.399,-0.001,0.873,5.798,-3.662,3.723
-0.363,-0.000,0.888,4.578,-4.272,4.272
-0.308,-0.001,0.908,2.747,-1.648,4.395
-0.259,-0.005,0.924,0.671,2.686,2.197
-0.249,0.004,0.927,0.122,5.005,-0.916
-0.281,-0.007,0.944,0.732,1.953,-3.418
-0.347,-0.012,0.938,2.258,-3.479,-5.310
-0.423,-0.031,0.953,3.174,-6.836,-5.920
-0.455,-0.027,0.965,3.601,-6.592,-4.578
-0.455,-0.033,0.964,4.211,-3.845,-2.319
-0.433,-0.039,0.946,4.700,-0.671,-1.282
-0.427,-0.042,0.947,4.272,0.244,-0.977
-0.402,-0.024,0.957,4.211,-0.854,0.305
-0.391,-0.021,0.945,5.005,-0.732,0.854
-0.393,-0.009,0.919,4.822,0.793,0.549
-0.395,-0.011,0.902,4.211,0.061,0.183
-0.401,-0.007,0.891,3.052,-3.052,-0.488
-0.394,0.002,0.899,2.014,-6.104,-1.282
-0.351,0.005,0.927,1.465,-6.836,-0.671
-0.318,-0.011,0.934,1.282,-3.601,-1.160
-0.334,-0.021,0.954,0.854,-1.404,-2.869
-0.358,-0.028,0.960,1.709,-2.930,-3.601

2.188,1.588,1.270,-71.472,-16.846,43.823
3.094,1.785,1.498,-60.120,-10.254,42.236
3.693,1.771,1.323,28.564,2.869,29.663
3.998,1.436,0.696,146.362,13.611,-0.183
3.998,0.847,-0.138,181.091,0.061,-87.341
3.998,0.177,-0.872,120.361,-22.522,-229.553
3.767,-0.458,-0.828,-9.888,-43.274,-409.485
2.592,-1.392,-0.694,-155.579,-20.874,-601.196
0.164,-2.971,-0.129,-250.000,26.306,-745.483
-3.968,-4.000,0.419,-230.225,-10.803,-757.446
-4.000,-3.250,1.309,-164.001,-173.889,-547.546
-4.000,-2.260,2.851,-227.356,-344.177,-256.775
-4.000,-1.883,4.000,-262.512,-302.185,-121.338
-3.310,-1.711,2.951,-107.849,-61.157,-88.806
-1.870,-1.547,1.746,-31.555,125.610,-46.326
-0.683,-1.040,1.168,-47.546,128.418,-10.071
-0.327,-0.624,1.027,-38.635,22.705,-4.578
-0.298,-0.306,0.995,-18.250,-61.646,-12.756
-0.139,-0.040,0.666,-0.610,-55.603,-7.874
0.202,0.099,0.371,8.789,2.197,-2.563
0.509,0.197,0.256,11.902,35.950,-6.104
0.512,0.142,0.287,10.803,20.020,-14.160
0.054,-0.088,0.509,9.399,-21.545,-24.963
-0.500,-0.271,0.799,8.423,-48.767,-33.569
-0.711,-0.278,1.056,2.625,-43.152,-33.447
-0.613,-0.182,1.249,-3.601,-15.198,-27.283
-0.409,-0.138,1.294,-3.235,5.066,-20.813
-0.202,-0.100,1.250,5.371,6.775,-16.174
-0.184,-0.055,1.147,14.893,-3.845,-17.700
-0.288,-0.036,1.086,17.395,-17.273,-21.057
-0.453,-0.040,0.981,21.179,-28.625,-21.545
-0.571,-0.067,0.907,22.217,-29.419,-19.470
-0.509,-0.030,0.893,17.029,-22.156,-15.320
-0.357,0.056,0.915,10.071,-10.559,-12.329
-0.222,0.140,0.919,4.211,-2.319,-14.771
-0.159,0.159,0.893,0.549,1.404,-18.616
-0.252,0.137,0.877,-3.113,3.357,-24.231
-0.407,0.091,0.894,-6.836,-0.977,-26.733
-0.523,0.068,0.931,-7.507,-9.583,-24.353
-0.607,0.042,0.971,-6.409,-14.832,-19.958
-0.639,0.006,1.003,-5.188,-15.930,-15.076
-0.616,-0.003,1.010,-5.798,-15.808,-9.827
-0.576,0.040,1.043,-6.409,-15.381,-5.493
-0.481,0.059,1.075,-3.174,-14.221,-1.465
-0.290,0.088,1.067,2.075,-5.249,1.343
-0.171,0.079,1.021,8.667,10.559,-1.282
-0.110,0.067,0.943,13.916,19.653,-5.554
-0.104,0.031,0.830,19.043,15.015,-8.911
-0.159,0.009,0.745,20.203,3.418,-12.756
-0.189,0.012,0.703,17.273,-5.371,-14.465
-0.213,0.010,0.707,13.062,-7.080,-15.564
-0.241,0.001,0.715,7.690,-5.371,-16.785
-0.334,-0.029,0.747,2.686,-3.540,-16.968
-0.405,-0.057,0.822,-2.625,-2.869,-15.015
-0.483,-0.066,0.925,-6.836,-3.540,-14.648
-0.519,-0.055,1.017,-7.690,-5.432,-13.367
-0.457,-0.023,1.055,-5.859,-8.484,-11.230
-0.269,0.062,1.029,-4.211,-4.517,-9.888
-0.157,0.062,0.995,-3.296,6.287,-12.024
-0.193,0.039,0.953,-4.272,12.085,-18.677
-0.342,0.001,0.953,-5.432,6.653,-23.743
-0.502,-0.040,0.999,-4.395,-6.104,-23.743
-0.617,-0.056,1.042,-2.258,-15.869,-19.470
-0.622,-0.048,1.080,-0.916,-15.076,-12.817
-0.537,-0.029,1.068,2.808,-5.493,-6.653
-0.464,-0.040,1.026,5.554,2.808,-2.747
-0.410,-0.022,0.964,7.019,4.089,-1.526
-0.395,-0.027,0.904,8.057,-0.061,-1.099
-0.417,-0.046,0.869,7.385,-7.812,-1.221
-0.431,-0.040,0.877,5.249,-15.381,-0.122
-0.413,-0.032,0.917,2.930,-17.944,1.770
-0.369,0.008,0.949,2.075,-14.648,3.174
-0.278,0.030,0.942,3.357,-7.568,5.798
-0.210,0.053,0.894,4.822,0.671,5.859
-0.176,0.053,0.859,4.883,5.554,3.845
-0.175,0.050,0.836,4.456,4.578,1.038
-0.224,0.036,0.849,3.235,-0.977,-1.648
-0.290,0.021,0.883,2.075,-5.798,-3.784
-0.354,0.010,0.915,1.038,-6.104,-5.066
-0.414,0.005,0.930,1.038,-3.845,-5.127
-0.446,0.010,0.954,1.404,-1.282,-4.395
-0.442,0.019,0.963,2.014,1.221,-3.357
-0.416,0.046,0.952,2.808,2.441,-2.625
-0.379,0.063,0.948,3.723,-0.427,-1.343
-0.370,0.069,0.950,4.333,-4.700,-1.099
-0.357,0.083,0.957,4.150,-6.470,-1.099
-0.308,0.083,0.937,3.967,-3.601,-0.244
-0.284,0.069,0.931,2.747,0.427,-0.854
-0.278,0.064,0.944,1.343,0.244,-2.380
-0.306,0.049,0.954,0.793,-3.540,-3.479
-0.362,0.029,0.955,0.671,-6.287,-4.944
-0.407,0.019,0.968,0.183,-5.737,-5.676
-0.440,0.030,0.999,0.305,-3.845,-4.395
-0.429,0.033,1.021,2.319,-3.052,-1.404
-0.373,0.033,1.004,5.127,-1.160,2.197
-0.318,0.049,0.991,6.653,3.174,4.028
-0.303,0.051,0.980,7.996,5.737,3.357
-0.323,0.047,0.947,9.827,3.479,2.258
-0.356,0.018,0.918,10.071,-1.831,0.732
-0.398,-0.002,0.896,7.507,-5.981,-1.648
-0.435,0.005,0.905,3.235,-8.362,-2.991
-0.431,0.030,0.947,-0.061,-9.399,-2.075
-0.429,0.035,0.978,0.061,-8.911,-0.488
-0.416,0.036,0.978,1.709,-7.263,1.465
-0.381,0.043,0.966,3.235,-4.517,2.869
-0.368,0.044,0.971,4.028,-1.648,3.174
-0.346,0.042,0.968,5.310,-0.793,3.357
-0.343,0.021,0.954,6.836,-3.113,3.113
-0.331,0.021,0.933,6.714,-6.714,2.319
-0.320,0.026,0.932,5.310,-7.019,1.465
-0.313,0.028,0.921,4.822,-5.676,0.366
-0.326,0.024,0.915,4.761,-4.822,-0.610
-0.336,0.018,0.916,3.418,-3.906,-0.977
-0.356,0.022,0.926,2.502,-1.892,-1.526
-0.344,0.025,0.933,2.136,-0.305,-1.099
-0.341,0.017,0.928,2.502,-0.610,-0.549
-0.344,0.016,0.931,2.441,-2.380,-0.549
-0.332,0.024,0.944,2.258,-3.845,-0.549
-0.333,0.030,0.948,2.502,-3.662,-1.221

2.048,1.348,1.397,-68.115,-58.716,46.448
2.955,1.562,1.628,-62.073,-43.457,50.293
3.709,1.551,1.597,-14.893,-27.954,42.786
3.998,1.373,1.225,75.073,-33.691,18.677
3.998,0.986,0.533,164.185,-49.744,-31.738
3.998,0.269,-0.748,180.237,-75.562,-135.132
3.998,-0.302,-1.416,85.632,-80.078,-307.861
3.915,-0.918,-1.424,-73.364,-17.761,-542.908
2.051,-2.339,-0.919,-222.412,51.147,-770.020
-2.061,-4.000,0.098,-282.288,76.599,-880.798
-4.000,-4.000,1.256,-228.516,14.404,-718.506
-4.000,-2.807,2.584,-208.252,-181.885,-401.184
-4.000,-2.273,3.996,-218.567,-371.521,-225.525
-4.000,-2.291,3.604,-105.103,-296.326,-167.358
-3.440,-1.928,2.726,-44.617,-43.640,-96.802
-2.453,-1.401,1.625,-22.217,110.229,-44.006
-1.661,-0.935,1.025,-5.798,89.661,-12.817
-0.909,-0.550,0.586,4.395,10.803,12.756
-0.275,-0.205,0.098,11.536,-12.878,31.921
0.303,0.005,-0.167,2.991,9.155,35.278
0.532,0.095,-0.058,-8.850,10.803,23.071
0.604,0.169,0.303,-20.142,-20.508,5.127
0.384,0.124,0.646,-27.710,-40.527,-13.611
0.029,-0.014,0.965,-29.358,-35.889,-26.917
-0.342,-0.111,1.197,-26.672,-28.381,-32.959
-0.585,-0.131,1.297,-21.912,-24.841,-31.250
-0.680,-0.129,1.267,-14.893,-18.433,-24.109
-0.682,-0.140,1.183,-6.653,-8.301,-15.930
-0.575,-0.104,1.095,-0.244,-5.432,-7.751
-0.477,-0.030,1.029,3.113,-10.193,0.549
-0.308,0.016,0.981,6.287,-14.893,8.667
-0.114,0.033,0.968,6.714,-9.277,12.451
0.012,0.042,0.939,8.179,-2.197,7.385
-0.027,0.041,0.917,8.057,-3.967,-2.197
-0.140,0.043,0.898,7.568,-10.498,-9.094
-0.260,0.070,0.879,7.080,-14.404,-13.855
-0.304,0.073,0.874,5.920,-14.648,-15.198
-0.328,0.068,0.893,4.761,-13.916,-13.000
-0.342,0.056,0.953,4.395,-16.724,-7.385
-0.316,0.051,1.036,2.686,-19.226,-1.404
-0.266,0.066,1.111,-0.183,-17.334,0.977
-0.234,0.090,1.135,-2.441,-13.916,-1.465
-0.260,0.106,1.125,-2.747,-14.038,-5.981
-0.275,0.105,1.087,-0.671,-17.883,-8.240
-0.287,0.109,1.067,0.793,-18.860,-9.766
-0.297,0.117,1.041,3.113,-11.780,-10.376
-0.253,0.109,1.004,7.324,-0.549,-7.996
-0.220,0.096,0.924,11.658,9.583,-5.371
-0.241,0.075,0.830,14.343,11.902,-5.310
-0.234,0.066,0.752,12.756,4.456,-6.042
-0.261,0.061,0.743,8.362,-7.751,-8.118
-0.275,0.068,0.750,8.728,-16.479,-9.460
-0.294,0.047,0.783,5.920,-18.616,-10.498
-0.319,0.022,0.828,2.502,-15.930,-11.353
-0.330,0.036,0.892,-0.305,-13.367,-11.108
-0.360,0.044,0.978,-0.610,-9.644,-8.301
-0.401,0.026,1.042,4.089,-9.583,-4.211
-0.344,0.034,1.073,7.812,-11.169,-0.122
-0.261,0.064,1.063,8.667,-8.179,1.221
-0.221,0.071,1.037,9.521,-2.563,1.099
-0.212,0.068,0.994,10.559,-3.235,0.244
-0.208,0.056,0.949,9.277,-8.972,-2.014
-0.233,0.073,0.937,6.042,-12.329,-6.287
-0.234,0.093,0.948,3.296,-10.803,-6.836
-0.175,0.110,0.970,2.380,-5.188,-4.517
-0.110,0.105,0.962,3.357,3.235,-3.601
-0.130,0.096,0.957,3.784,6.287,-6.592
-0.126,0.106,0.960,3.906,2.136,-8.606
-0.165,0.083,0.940,4.089,-2.014,-11.536
-0.242,0.093,0.933,2.869,-4.150,-15.076
-0.309,0.082,0.932,2.136,-6.958,-15.991
-0.416,0.071,0.927,2.075,-8.484,-16.113
-0.471,0.072,0.934,1.648,-9.216,-13.794
-0.443,0.100,0.953,2.136,-7.690,-8.728
-0.330,0.105,0.965,3.967,-3.601,-3.296
-0.228,0.106,0.959,4.944,2.014,-1.038
-0.178,0.107,0.965,5.188,4.578,-2.136
-0.177,0.095,0.987,4.883,2.258,-4.883
-0.198,0.101,0.976,4.272,-0.916,-7.141
-0.243,0.105,0.959,3.845,-2.991,-8.850
-0.273,0.107,0.929,4.517,-3.784,-9.155
-0.281,0.089,0.915,4.333,-5.249,-7.385
-0.284,0.080,0.920,3.601,-8.423,-5.920
-0.264,0.079,0.947,2.563,-13.000,-4.578
-0.226,0.098,0.977,1.831,-18.005,-3.296
-0.211,0.104,0.989,1.587,-20.203,-3.540
-0.202,0.107,0.985,1.221,-18.860,-5.127
-0.174,0.120,0.975,0.732,-16.479,-6.287
-0.187,0.113,0.959,0.427,-14.832,-7.935
-0.239,0.101,0.970,-1.038,-14.893,-9.827
-0.283,0.104,0.998,-2.319,-15.869,-10.864
-0.331,0.113,1.015,-1.648,-15.503,-10.437
-0.349,0.104,1.024,0.305,-12.390,-8.301
-0.348,0.096,1.025,1.770,-5.432,-6.714
-0.345,0.099,1.026,2.441,1.404,-5.920
-0.323,0.110,1.018,3.357,4.272,-4.272
-0.293,0.100,0.998,4.395,4.456,-2.380
-0.279,0.109,0.993,3.845,2.991,-1.953
-0.300,0.108,0.995,3.418,-1.343,-1.953
-0.325,0.101,0.993,4.089,-5.005,-1.343
-0.297,0.105,0.983,4.150,-3.845,0.061
-0.219,0.101,0.952,3.235,1.526,0.916
-0.161,0.111,0.928,1.465,3.418,-0.977
-0.149,0.111,0.935,1.099,-1.831,-3.235
-0.181,0.107,0.969,0.305,-7.629,-4.822
-0.232,0.102,0.994,0.549,-7.507,-6.287
-0.252,0.091,1.003,1.953,-4.578,-6.104
-0.248,0.053,0.983,2.502,-0.732,-4.700
-0.229,0.042,0.949,0.305,0.061,-5.432
-0.253,0.070,0.953,-3.052,-4.944,-7.019
-0.288,0.074,0.988,-3.906,-12.268,-5.920
-0.310,0.085,1.018,-3.235,-15.320,-4.578
-0.306,0.088,1.034,-0.854,-10.742,-2.747
-0.277,0.079,1.035,2.441,-3.296,-1.526
-0.248,0.069,1.029,5.371,2.197,-1.038
-0.229,0.062,1.005,7.812,3.601,-1.160
-0.242,0.056,0.978,8.972,1.465,-1.465
-0.274,0.051,0.950,9.033,-2.686,-1.709
-0.313,0.047,0.935,7.874,-4.944,-1.648

1.406,0.991,1.215,-53.528,-81.360,66.101
2.297,1.167,1.603,-49.622,-78.064,76.416
3.292,1.339,1.837,-29.602,-60.425,78.918
3.986,1.385,1.724,13.550,-42.114,68.054
3.998,1.171,1.328,84.106,-59.204,42.603
3.998,0.779,0.470,166.931,-94.421,6.531
3.998,0.158,-0.828,168.457,-149.841,-62.073
3.998,-0.565,-1.613,42.175,-164.795,-217.529
3.998,-1.406,-1.914,-139.465,-90.576,-436.646
3.564,-2.569,-1.625,-287.170,-44.617,-640.381
1.500,-3.895,-1.018,-398.804,-74.951,-761.292
-2.807,-4.000,-0.265,-439.514,-153.992,-790.161
-4.000,-4.000,1.239,-402.527,-239.807,-677.368
-4.000,-3.982,3.882,-432.007,-267.761,-434.204
-4.000,-2.930,4.000,-382.263,-185.303,-242.004
-4.000,-2.076,4.000,-164.551,-69.031,-108.154
-2.609,-1.854,3.750,-62.622,-15.442,-21.423
-1.154,-1.127,2.510,-40.527,3.784,20.752
-0.255,-0.561,1.605,-0.977,13.733,28.564
-0.026,-0.275,0.756,45.288,41.809,19.775
-0.135,-0.165,0.135,56.152,68.481,10.071
-0.135,-0.163,-0.265,41.565,67.078,22.339
-0.307,-0.340,-0.013,19.043,47.363,32.593
-0.306,-0.199,0.594,-10.193,9.766,18.982
0.073,0.049,0.886,-22.583,-11.536,8.789
0.259,-0.089,0.979,-14.038,2.075,6.287
0.146,-0.195,1.095,-6.104,7.751,-10.376
-0.167,-0.162,1.118,3.418,-11.719,-28.625
-0.510,-0.169,1.152,11.169,-27.039,-34.058
-0.699,-0.180,1.107,20.569,-22.705,-26.733
-0.701,-0.164,1.037,25.208,-7.751,-13.000
-0.570,-0.102,0.999,21.851,4.639,2.502
-0.292,0.014,0.942,20.508,11.658,15.869
0.061,0.031,0.883,21.301,20.081,24.353
0.329,0.030,0.868,18.799,25.452,21.545
0.391,0.072,0.877,12.390,13.733,7.141
0.247,0.089,0.903,9.277,-5.737,-9.583
0.014,0.099,0.941,7.385,-16.968,-22.339
-0.253,0.087,0.996,5.676,-18.921,-29.663
-0.414,0.079,1.072,4.639,-16.418,-29.541
-0.479,0.112,1.157,2.808,-13.672,-23.193
-0.363,0.164,1.244,2.380,-10.925,-12.512
-0.173,0.166,1.230,7.446,-0.671,-3.357
-0.030,0.155,1.172,9.155,10.742,-2.380
-0.001,0.130,1.046,10.254,11.841,-6.348
-0.153,0.075,0.964,10.925,-0.793,-11.353
-0.360,0.036,0.942,8.911,-13.489,-13.611
-0.450,0.038,0.948,6.592,-11.902,-9.766
-0.350,0.060,0.893,6.348,-0.732,-4.333
-0.238,0.049,0.842,6.958,10.437,0.610
-0.100,0.053,0.827,5.371,12.146,2.441
-0.002,0.061,0.813,3.357,12.207,1.709
-0.021,0.042,0.766,2.991,10.742,-4.150
-0.119,0.023,0.741,1.526,1.709,-10.132
-0.202,0.022,0.739,-1.282,-10.437,-13.611
-0.300,0.020,0.787,-4.150,-14.343,-15.808
-0.318,0.023,0.842,-7.996,-12.817,-14.099
-0.295,0.051,0.905,-10.498,-9.094,-11.108
-0.277,0.056,0.959,-10.681,-5.676,-8.423
-0.210,0.065,0.986,-10.315,-3.662,-5.005
-0.186,0.050,0.982,-8.545,-1.099,-4.272
-0.209,0.040,1.021,-8.789,1.160,-6.714
-0.215,0.054,1.042,-8.606,0.183,-8.484
-0.229,0.056,1.065,-6.470,-1.770,-8.057
-0.163,0.063,1.072,-4.028,-2.258,-6.409
-0.114,0.052,1.073,-0.427,1.709,-5.676
-0.111,0.035,1.066,2.319,3.235,-6.714
-0.162,0.024,1.060,4.028,0.244,-8.850
-0.190,0.019,1.051,4.578,-1.526,-10.010
-0.264,0.011,1.035,4.822,2.869,-10.742
-0.328,0.007,1.035,4.333,3.235,-10.376
-0.314,0.010,1.008,5.737,0.183,-6.226
-0.268,0.003,0.999,6.775,2.441,-2.258
-0.205,0.011,0.994,6.714,5.798,-0.366
-0.131,0.020,0.977,6.958,5.310,0.671
-0.113,0.002,0.943,7.202,3.174,-1.099
-0.171,0.007,0.932,5.005,0.305,-5.859
-0.237,0.036,0.937,2.075,-3.967,-8.667
-0.329,0.034,0.942,1.160,-6.714,-9.338
-0.374,0.043,0.958,-0.366,-6.226,-8.362
-0.308,0.066,0.960,-0.549,-3.052,-4.395
-0.234,0.050,0.941,1.709,2.441,-0.549
-0.176,0.048,0.941,1.709,4.272,-0.610
-0.127,0.064,0.948,0.916,3.479,-1.282
-0.156,0.051,0.979,0.305,2.747,-3.723
-0.171,0.067,1.003,-0.122,0.854,-6.226
-0.192,0.051,0.975,0.732,1.099,-7.446
-0.241,0.049,0.981,-0.183,1.587,-10.437
-0.268,0.067,0.986,-1.160,-1.282,-10.498
-0.314,0.050,0.999,0.000,-3.601,-8.728
-0.314,0.056,1.031,0.793,-4.028,-5.981
-0.271,0.067,1.022,3.174,-2.441,-2.441
-0.243,0.061,1.000,5.798,-0.549,-0.305
-0.218,0.057,0.976,6.165,0.061,0.183
-0.230,0.051,0.963,4.639,-0.610,-1.648
-0.265,0.068,0.984,1.648,-1.404,-4.150
-0.282,0.070,1.018,0.610,-2.258,-4.333
-0.291,0.060,1.026,1.587,-1.770,-3.052
-0.290,0.047,1.020,1.892,-0.854,-2.014
-0.278,0.069,1.018,2.136,-0.916,-1.587
-0.225,0.080,1.017,3.174,-1.465,0.000
-0.200,0.061,1.011,5.310,-0.366,0.977
-0.162,0.064,1.001,5.859,-0.244,0.366
-0.126,0.056,0.983,7.507,-1.160,0.244
-0.144,0.032,0.969,7.751,-1.709,-1.404
-0.182,0.009,0.964,5.554,-2.319,-3.723
-0.211,0.034,0.967,1.831,-1.587,-6.592
-0.275,0.023,0.977,0.977,-0.977,-8.057
-0.331,0.020,0.980,1.221,-3.052,-7.568
-0.341,0.032,0.978,1.221,-4.639,-5.310
-0.276,0.041,0.967,1.648,-3.540,-1.892
-0.177,0.047,0.944,2.075,-0.427,-0.183
-0.149,0.036,0.934,2.319,0.305,-1.160
-0.159,0.040,0.952,1.892,-3.174,-2.380
-0.221,0.037,0.982,1.038,-6.409,-4.517
-0.273,0.031,1.000,0.854,-5.676,-6.348
-0.287,0.037,0.989,1.709,-2.869,-5.981
-0.259,0.040,0.950,2.991,-1.404,-4.761
-0.230,0.030,0.915,3.418,-0.854,-4.028

1.607,0.932,1.233,-22.705,-36.011,69.214
2.693,1.019,1.386,7.874,-4.150,90.393
3.853,1.134,1.118,61.462,28.137,98.389
3.998,1.108,0.745,94.177,33.936,68.604
3.998,0.913,0.178,95.154,-17.944,-1.465
3.998,0.497,-0.151,51.331,-106.262,-107.361
3.998,-0.188,0.034,-32.532,-178.345,-233.887
3.998,-0.809,0.238,-114.868,-195.007,-360.107
3.912,-1.606,0.212,-171.936,-171.631,-474.670
2.054,-2.680,0.110,-209.351,-116.272,-566.162
-1.193,-3.578,0.393,-228.027,-70.923,-603.394
-3.775,-3.785,1.260,-217.651,-55.481,-539.307
-4.000,-3.240,1.498,-199.585,-67.993,-421.509
-4.000,-3.340,1.932,-212.708,-112.061,-343.506
-4.000,-2.491,2.691,-222.839,-119.446,-277.527
-4.000,-1.543,3.271,-190.491,-97.900,-212.463
-4.000,-1.130,2.923,-107.544,-59.509,-143.738
-2.895,-0.711,2.358,-56.396,2.502,-88.501
-1.443,-0.358,1.661,-7.385,69.153,-39.124
-0.295,-0.125,1.050,29.480,91.003,-16.418
0.332,0.029,0.513,44.617,55.603,-15.686
0.291,0.031,0.161,37.781,10.498,-25.085
-0.132,-0.105,0.218,12.939,-13.916,-34.058
-0.583,-0.171,0.515,-9.827,-18.982,-35.156
-0.679,-0.111,0.772,-22.522,-17.395,-33.630
-0.481,-0.067,0.964,-24.963,-6.409,-26.855
-0.228,-0.086,1.063,-20.447,-0.610,-21.423
-0.213,-0.112,1.129,-16.418,-9.766,-23.926
-0.288,-0.080,1.197,-12.817,-26.611,-26.794
-0.405,-0.049,1.186,-4.883,-30.273,-26.367
-0.434,-0.027,1.079,2.747,-14.954,-23.926
-0.348,-0.022,0.927,6.165,-0.305,-20.142
-0.290,0.025,0.869,4.517,-0.244,-18.738
-0.089,0.088,0.928,0.671,-5.249,-16.357
0.033,0.128,0.987,1.465,-0.488,-17.639
0.050,0.128,1.021,4.517,4.272,-21.790
-0.016,0.117,1.031,6.714,0.122,-24.902
-0.198,0.101,1.034,8.179,-6.165,-27.649
-0.390,0.071,1.027,9.094,-13.184,-26.245
-0.465,0.096,1.006,8.301,-18.616,-21.301
-0.466,0.131,0.980,6.592,-16.113,-15.686
-0.405,0.134,0.999,3.784,-10.071,-11.108
-0.224,0.169,1.020,1.099,-7.690,-7.935
-0.120,0.163,0.980,0.305,-8.301,-7.141
-0.086,0.119,0.986,-1.587,-13.184,-8.667
-0.079,0.114,0.978,-3.601,-23.743,-10.132
-0.132,0.082,0.984,-5.188,-31.860,-11.292
-0.232,0.047,1.015,-7.629,-33.325,-12.817
-0.219,0.042,1.041,-9.216,-26.489,-12.085
-0.127,0.034,1.042,-9.277,-9.460,-8.362
-0.052,0.025,0.982,-2.502,12.085,-8.179
-0.027,0.006,0.908,2.197,20.020,-10.559
-0.064,-0.005,0.874,-0.305,10.376,-10.681
-0.185,0.021,0.875,0.610,-2.563,-11.230
-0.320,0.025,0.914,0.366,-10.986,-9.460
-0.443,0.029,0.952,-0.854,-12.878,-6.897
-0.442,0.053,1.021,-3.418,-12.207,-3.845
-0.270,0.078,1.030,-3.479,-8.850,1.221
-0.079,0.073,1.034,-2.502,-0.305,2.686
-0.002,0.083,1.005,-1.770,6.653,-0.671
-0.023,0.073,1.050,-1.526,5.798,-4.395
-0.114,0.061,1.092,0.183,-0.183,-7.019
-0.222,0.051,1.157,2.563,-2.930,-8.179
-0.256,0.036,1.137,5.188,-2.319,-6.409
-0.231,0.023,1.084,6.042,-1.709,-4.761
-0.218,0.037,1.017,4.272,-3.845,-4.211
-0.211,0.049,1.008,0.854,-9.705,-2.747
-0.175,0.068,0.969,2.319,-11.292,-0.916
-0.174,0.046,0.960,2.686,-5.371,0.671
-0.134,0.043,0.994,2.686,-1.099,1.526
-0.094,0.046,0.978,3.845,0.366,2.319
-0.091,0.029,0.951,3.845,2.686,0.305
-0.124,0.039,0.927,2.502,0.854,-2.869
-0.123,0.044,0.909,1.648,-3.845,-3.906
-0.169,0.038,0.920,0.183,-5.066,-5.127
-0.192,0.054,0.939,-0.977,-4.395,-5.676
-0.230,0.053,0.964,-0.061,-4.578,-4.150
-0.263,0.041,0.978,0.732,-7.629,-1.770
-0.227,0.052,1.003,0.488,-9.888,0.610
-0.127,0.068,1.007,1.587,-6.592,2.625
-0.062,0.054,1.004,3.418,-0.488,2.502
-0.029,0.041,1.016,3.906,4.395,-0.244
-0.054,0.048,1.025,3.662,7.385,-5.371
-0.138,0.038,1.021,4.395,8.057,-9.521
-0.218,0.039,1.006,5.981,5.005,-9.766
-0.288,0.031,0.973,7.751,0.671,-7.751
-0.312,0.035,0.959,7.385,-0.549,-4.517
-0.263,0.067,0.964,6.042,-0.854,-1.648
-0.209,0.075,0.979,6.042,-1.282,0.427
-0.135,0.079,0.985,7.141,-0.916,1.343
-0.085,0.055,0.969,8.057,1.709,0.061
-0.083,0.059,0.926,6.287,4.211,-3.296
-0.125,0.080,0.913,3.418,2.136,-6.348
-0.221,0.066,0.926,1.770,-2.686,-8.301
-0.289,0.067,0.950,-0.549,-6.409,-8.545
-0.291,0.079,0.970,-1.160,-7.324,-6.653
-0.247,0.078,0.969,-0.183,-4.822,-4.150
-0.219,0.066,0.953,1.099,-1.465,-3.052
-0.222,0.069,0.951,0.977,0.000,-2.991
-0.239,0.068,0.970,0.854,0.244,-2.380
-0.260,0.075,1.002,1.160,-1.343,-1.709
-0.219,0.081,0.994,2.319,-2.136,-0.366
-0.197,0.061,0.989,4.028,-0.122,0.122
-0.151,0.069,0.979,4.639,1.221,0.122
-0.116,0.066,0.968,5.615,2.808,-0.977
-0.137,0.053,0.961,6.104,4.944,-3.357
-0.187,0.036,0.961,4.761,5.066,-5.615
-0.247,0.053,0.973,2.747,2.319,-7.141
-0.282,0.053,0.987,2.258,-1.343,-5.981
-0.291,0.052,0.973,2.747,-0.610,-4.089
-0.258,0.058,0.969,2.319,2.319,-2.136
-0.172,0.081,0.975,2.136,2.869,-0.488
-0.147,0.064,0.974,2.930,4.150,-0.732
-0.161,0.057,1.004,2.075,3.784,-2.991
-0.204,0.066,1.038,0.977,-1.465,-4.883
-0.255,0.052,1.050,1.282,-6.165,-5.249
-0.274,0.057,1.045,1.770,-5.310,-5.188
-0.266,0.070,1.007,2.991,-1.709,-4.333
-0.255,0.064,0.961,4.150,0.061,-2.808

2.165,1.430,1.201,-28.748,27.405,168.518
3.782,1.340,1.587,-7.263,58.411,241.638
3.998,1.218,1.359,95.947,64.453,273.865
3.998,0.896,0.255,243.042,19.043,218.750
3.998,0.090,-1.472,241.028,-69.702,93.750
3.998,-0.641,-2.069,58.838,-116.943,-113.342
3.998,-1.121,-1.712,-175.537,-79.712,-375.183
3.998,-1.739,-0.798,-361.328,-35.828,-601.807
2.537,-2.615,0.257,-432.129,-35.950,-776.794
-1.285,-4.000,0.566,-398.437,-7.507,-884.888
-4.000,-4.000,1.114,-310.730,4.150,-791.687
-4.000,-2.814,2.384,-302.795,-132.690,-439.392
-4.000,-2.666,3.830,-319.824,-280.640,-233.032
-3.860,-2.781,3.173,-203.857,-149.292,-193.604
-2.846,-2.044,2.716,-149.048,15.503,-150.024
-2.059,-1.548,2.590,-106.018,3.845,-102.478
-2.001,-1.006,2.215,-47.302,-41.931,-99.915
-1.589,-0.645,1.548,-0.671,-9.766,-76.599
-0.616,-0.515,0.578,38.208,64.087,-29.480
-0.220,-0.486,-0.110,48.401,98.877,-12.573
-0.483,-0.411,-0.232,22.095,65.063,-23.987
-0.862,-0.400,0.121,-4.395,7.141,-26.855
-0.822,-0.379,0.623,-20.935,-13.855,-17.578
-0.473,-0.285,0.909,-22.156,4.089,-7.935
-0.147,-0.302,1.045,-11.780,16.174,-2.686
-0.088,-0.298,1.086,-3.784,3.784,-8.118
-0.301,-0.302,1.146,5.249,-19.287,-16.663
-0.478,-0.303,1.160,14.954,-32.959,-19.348
-0.571,-0.294,1.091,23.437,-29.480,-14.893
-0.583,-0.282,0.999,27.222,-23.437,-7.568
-0.461,-0.203,0.932,26.306,-22.278,1.770
-0.186,-0.101,0.860,22.156,-15.930,10.010
0.045,-0.056,0.866,16.846,-2.258,12.695
0.232,-0.012,0.883,11.841,5.676,10.437
0.236,-0.008,0.961,8.118,5.859,2.502
0.060,-0.004,1.071,7.019,-0.916,-8.240
-0.128,-0.014,1.135,11.597,-8.301,-15.076
-0.227,-0.041,1.151,12.390,-9.460,-16.663
-0.301,-0.024,1.102,13.000,-5.737,-16.663
-0.299,-0.004,1.049,12.207,-5.005,-16.052
-0.247,0.014,1.039,10.376,-3.479,-13.733
-0.209,0.035,1.019,9.338,1.038,-13.123
-0.220,0.021,1.001,8.484,3.418,-14.404
-0.290,0.011,0.976,9.094,0.488,-14.954
-0.379,-0.014,0.967,11.292,-5.371,-13.306
-0.460,-0.031,0.926,13.611,-9.094,-9.949
-0.508,-0.043,0.877,12.939,-8.057,-6.165
-0.493,-0.029,0.867,10.559,-7.629,-1.709
-0.370,-0.022,0.897,8.850,-7.324,3.784
-0.187,-0.018,0.920,8.423,-3.540,8.057
-0.053,-0.004,0.937,7.507,2.136,6.897
-0.005,0.009,0.958,7.080,1.343,2.930
-0.009,0.018,0.916,9.155,-5.005,-1.038
-0.120,0.001,0.891,9.583,-10.010,-6.042
-0.256,-0.010,0.927,7.446,-13.794,-10.132
-0.324,-0.005,0.995,5.798,-14.771,-9.766
-0.316,-0.002,1.020,6.653,-11.475,-7.629
-0.249,0.022,0.983,6.836,-3.540,-5.981
-0.172,0.018,0.906,6.531,1.953,-5.920
-0.152,0.016,0.850,4.333,1.709,-7.629
-0.187,0.011,0.847,1.038,-2.014,-9.521
-0.246,-0.004,0.866,-1.221,-6.042,-10.193
-0.300,-0.011,0.925,-2.197,-8.240,-10.010
-0.320,-0.022,0.964,-1.770,-8.789,-8.545
-0.312,-0.028,0.979,-0.549,-6.653,-6.592
-0.288,-0.021,0.985,0.549,-3.723,-5.127
-0.263,-0.022,0.983,1.831,-1.160,-4.028
-0.230,-0.040,0.977,2.563,0.793,-3.601
-0.216,-0.033,0.971,2.319,1.038,-4.089
-0.196,-0.028,0.988,2.014,-1.648,-4.578
-0.175,-0.036,1.008,2.808,-2.441,-5.188
-0.201,-0.037,1.008,3.113,1.160,-7.385
-0.251,-0.026,1.009,3.479,2.258,-9.033
-0.292,-0.035,1.010,5.188,0.183,-8.118
-0.283,-0.032,0.976,6.042,-0.366,-6.104
-0.265,-0.022,0.930,5.066,0.305,-5.554
-0.256,-0.025,0.917,3.540,-0.671,-5.249
-0.261,-0.022,0.917,1.343,-3.113,-4.639
-0.290,-0.022,0.953,-0.183,-4.333,-5.127
-0.300,-0.019,0.981,0.000,-3.601,-4.517
-0.306,-0.027,0.983,1.709,-1.648,-2.869
-0.308,-0.021,0.964,3.113,0.610,-2.136
-0.318,-0.008,0.961,3.906,0.977,-2.075
-0.293,0.001,0.955,5.188,0.671,-0.854
-0.262,0.001,0.933,5.615,4.028,0.122
-0.254,0.006,0.924,4.639,6.409,-0.977
-0.265,-0.001,0.946,3.357,4.150,-1.465
-0.274,-0.011,0.979,2.319,0.122,-1.221
-0.295,0.002,1.014,1.892,-1.831,-0.977
-0.286,0.010,1.037,3.662,-1.953,-0.366
-0.259,0.005,1.017,6.348,0.549,1.221
-0.260,-0.003,1.005,7.080,4.333,0.732
-0.252,0.006,1.004,6.714,4.700,-0.366
-0.262,0.000,0.995,7.324,0.854,-0.793
-0.300,-0.018,0.983,6.958,-2.136,-0.916
-0.329,-0.021,1.001,5.310,-0.366,-1.160
-0.319,-0.001,1.020,5.066,0.916,-0.427
-0.263,-0.002,1.013,6.775,1.160,1.892
-0.226,0.003,1.001,8.240,3.601,2.258
-0.185,0.014,0.984,9.033,6.409,1.587
-0.200,-0.000,0.954,10.376,7.202,0.183
-0.248,-0.003,0.936,9.521,4.578,-1.587
-0.295,-0.005,0.946,7.812,1.648,-2.258
-0.309,-0.003,0.941,5.310,1.526,-2.014
-0.305,0.007,0.938,3.174,1.038,-1.221
-0.281,0.018,0.958,1.831,-2.747,-0.183
-0.248,0.027,0.983,1.465,-5.737,0.732
-0.235,0.027,1.010,1.953,-4.822,0.732
-0.229,0.028,1.025,3.479,-2.808,0.000
-0.250,0.018,1.012,5.127,-1.404,-1.160
-0.281,0.004,1.004,5.554,-0.366,-2.563
-0.326,0.011,0.989,4.639,-0.427,-4.211
-0.370,0.005,0.981,4.211,-3.052,-3.906
-0.380,0.001,0.984,4.333,-5.615,-1.831
-0.321,0.011,0.980,3.967,-5.859,0.610
-0.263,0.022,0.971,4.089,-4.761,1.648
-0.193,0.033,0.973,4.456,-3.784,1.953
-0.167,0.025,0.958,5.371,-1.465,0.732
-0.192,0.015,0.948,5.188,-0.244,-2.747

3.072,1.226,1.746,-51.697,-32.471,194.031
3.998,1.484,2.220,-11.047,12.146,240.417
3.998,1.846,1.000,141.235,50.720,222.046
3.998,1.327,-1.129,224.121,48.828,97.717
3.998,-0.009,-1.765,82.458,-31.982,-133.850
3.998,-0.469,-1.080,-125.977,-111.633,-384.338
3.998,-0.899,-0.337,-302.734,-166.382,-575.928
3.756,-1.655,0.612,-386.658,-194.946,-711.853
0.916,-2.709,0.778,-385.376,-115.295,-794.250
-3.843,-4.000,1.325,-300.842,7.812,-783.081
-4.000,-3.552,2.234,-216.431,-6.287,-566.650
-4.000,-3.317,3.016,-190.002,-148.193,-308.899
-4.000,-3.587,3.380,-149.658,-109.924,-198.059
-3.826,-2.617,2.721,-106.323,10.742,-147.217
-2.626,-2.090,2.551,-78.857,-18.616,-90.942
-2.216,-1.514,2.073,-30.579,-41.138,-70.740
-1.603,-0.977,1.428,2.380,-6.042,-53.955
-0.517,-0.753,0.486,42.603,73.059,-6.165
-0.018,-0.601,-0.278,51.697,126.038,0.366
-0.010,-0.385,-0.495,23.926,95.215,-8.423
-0.088,-0.310,-0.147,-1.404,16.785,-8.362
-0.126,-0.231,0.399,-23.376,-17.151,-6.775
0.199,-0.246,0.870,-27.588,-6.775,-5.249
0.288,-0.309,1.141,-18.372,-3.296,-15.076
0.016,-0.398,1.403,-6.226,-25.330,-33.752
-0.333,-0.374,1.556,8.057,-48.950,-46.204
-0.655,-0.345,1.555,20.813,-50.415,-49.744
-0.713,-0.299,1.411,31.006,-36.560,-39.917
-0.478,-0.255,1.208,34.790,-28.320,-21.790
-0.247,-0.247,0.987,32.532,-28.442,-10.681
-0.045,-0.209,0.824,22.827,-31.738,-6.409
0.116,-0.151,0.698,13.123,-26.733,-4.395
0.096,-0.113,0.654,8.667,-11.292,-8.118
-0.031,-0.089,0.724,5.432,1.343,-12.146
-0.067,-0.075,0.832,4.333,3.845,-14.893
-0.156,-0.073,0.844,6.409,2.563,-21.057
-0.248,-0.092,0.912,5.676,-4.395,-25.208
-0.314,-0.056,1.010,0.488,-14.832,-25.452
-0.470,-0.041,1.084,-0.488,-21.301,-23.560
-0.588,-0.033,1.163,0.305,-25.391,-17.395
-0.578,0.023,1.208,1.160,-22.034,-9.216
-0.426,0.043,1.195,4.883,-10.254,0.366
-0.172,0.077,1.131,9.155,4.272,7.629
0.028,0.088,1.014,12.024,16.907,7.996
0.058,0.048,0.946,11.902,18.494,2.869
-0.016,0.044,0.937,9.277,5.615,-3.601
-0.138,0.027,0.937,9.216,-5.127,-7.996
-0.218,-0.003,0.921,10.132,-6.714,-10.559
-0.280,-0.007,0.881,8.911,-5.676,-12.146
-0.311,-0.029,0.890,8.057,-6.104,-10.864
-0.258,-0.009,0.884,7.751,-4.944,-7.629
-0.204,-0.013,0.894,6.958,-1.892,-4.456
-0.116,-0.015,0.881,5.737,1.221,-1.953
-0.084,-0.029,0.900,4.700,2.136,-1.404
-0.125,-0.024,0.942,3.052,-3.357,-3.235
-0.197,-0.020,1.005,0.916,-9.216,-5.005
-0.288,-0.007,1.086,0.977,-10.315,-5.920
-0.296,0.006,1.097,3.845,-7.263,-4.395
-0.277,0.002,1.031,7.507,0.854,-1.709
-0.225,0.017,0.942,7.629,6.836,0.305
-0.171,0.013,0.855,8.667,10.376,1.038
-0.192,0.011,0.845,6.409,8.850,-0.366
-0.278,-0.001,0.928,2.136,0.183,-1.526
-0.330,0.000,1.022,0.244,-4.517,-0.366
-0.330,-0.012,1.109,0.916,-1.343,1.953
-0.245,-0.009,1.111,3.906,2.380,5.371
-0.201,-0.014,1.043,7.080,2.930,6.287
-0.152,-0.015,1.002,7.629,0.977,6.348
-0.086,0.012,0.964,6.592,0.427,5.005
-0.067,-0.006,0.942,5.859,1.770,2.747
-0.077,-0.009,0.934,3.357,1.282,-0.061
-0.108,-0.019,0.976,0.977,0.000,-2.563
-0.156,-0.020,1.015,-0.610,-1.282,-4.089
-0.215,-0.025,1.020,0.305,-2.136,-3.723
-0.229,-0.022,0.987,0.977,-2.258,-2.197
-0.207,-0.006,0.965,0.366,-0.671,-1.282
-0.199,-0.016,0.954,-0.183,1.038,-0.488
-0.235,-0.024,1.000,-1.099,-1.099,-0.854
-0.258,-0.018,1.064,-0.366,-5.005,-0.610
-0.264,-0.028,1.086,2.380,-6.165,0.427
-0.249,-0.015,1.072,4.822,-5.188,1.343
-0.235,-0.010,1.008,6.775,-4.456,1.831
-0.223,-0.016,0.959,6.653,-2.808,1.465
-0.199,-0.006,0.939,4.272,-1.770,0.549
-0.148,0.001,0.925,2.686,-2.747,0.122
-0.119,-0.009,0.922,1.282,-2.808,-0.793
-0.128,-0.010,0.960,0.244,-4.028,-1.770
-0.175,-0.008,0.988,0.977,-7.751,-2.014
-0.199,-0.006,0.992,2.075,-6.531,-1.831
-0.180,-0.001,0.966,3.174,-1.892,-1.343
-0.162,-0.009,0.941,3.906,0.244,-1.587
-0.174,-0.010,0.950,3.479,0.854,-3.052
-0.216,-0.013,0.968,3.174,-0.122,-4.517
-0.262,-0.016,0.967,3.601,-1.831,-5.371
-0.282,-0.015,0.979,3.052,-3.113,-4.944
-0.280,0.000,0.955,2.869,-2.563,-3.906
-0.281,0.013,0.965,2.686,-0.183,-3.113
-0.257,0.024,0.959,3.357,0.244,-1.099
-0.252,0.017,0.971,3.906,0.549,-0.305
-0.222,0.031,0.989,3.723,-0.244,0.183
-0.201,0.018,0.983,4.578,-0.977,0.610
-0.213,0.009,0.987,4.211,-1.892,-0.427
-0.234,0.013,0.996,2.991,-3.784,-1.404
-0.259,0.012,0.995,2.441,-4.395,-1.038
-0.273,0.014,0.990,1.709,-3.357,-0.793
-0.235,0.030,0.993,0.671,-2.441,-0.122
-0.207,0.015,0.989,0.244,-1.953,0.366
-0.205,0.008,1.008,-0.305,-2.380,-0.122
-0.203,0.014,1.020,0.305,-3.723,0.305
-0.218,0.006,1.018,1.953,-3.967,0.793
-0.222,0.009,1.000,3.052,-2.747,1.221
-0.186,0.013,0.969,3.601,-1.343,1.526
-0.164,0.003,0.933,3.113,0.366,0.610
-0.161,0.000,0.941,0.610,0.427,-1.648
-0.177,-0.000,0.961,-1.404,-2.441,-3.540
-0.199,-0.006,0.975,-2.930,-4.211,-4.211
-0.209,-0.002,0.981,-3.784,-3.906,-4.028
-0.206,-0.003,0.969,-3.723,-4.150,-3.296
-0.232,-0.001,0.966,-3.845,-4.944,-3.357

-0.918,-0.389,1.237,111.572,46.448,85.083
-0.901,-0.422,1.209,127.014,59.998,105.103
-0.864,-0.446,1.165,140.991,74.402,126.221
-0.766,-0.458,1.116,149.597,87.524,146.484
-0.651,-0.463,1.037,152.893,98.206,158.997
-0.560,-0.443,0.948,151.184,105.530,162.659
-0.512,-0.402,0.851,143.982,109.375,160.889
-0.496,-0.340,0.796,133.606,105.347,158.508
-0.488,-0.277,0.741,128.357,97.229,158.081
-0.513,-0.176,0.691,121.521,85.754,158.508
-0.473,-0.111,0.671,106.628,75.134,162.354
-0.499,-0.025,0.679,96.863,70.862,157.837
-0.489,0.097,0.670,84.900,73.975,156.433
-0.446,0.170,0.674,71.106,79.651,157.715
-0.373,0.266,0.645,60.852,86.304,156.311
-0.310,0.340,0.627,48.035,91.553,149.292
-0.257,0.417,0.615,34.363,93.140,140.930
-0.165,0.501,0.631,21.362,87.219,136.169
-0.024,0.607,0.647,9.766,73.853,133.606
0.097,0.686,0.675,0.427,55.359,127.075
0.167,0.760,0.690,-4.150,36.072,117.493
0.169,0.788,0.707,-7.080,17.517,107.239
0.140,0.787,0.734,-11.292,0.061,97.290
0.099,0.779,0.762,-16.418,-13.672,87.524
0.090,0.779,0.781,-22.827,-21.484,79.041
0.094,0.791,0.797,-28.137,-25.146,71.350
0.122,0.812,0.806,-30.273,-27.405,64.697
0.106,0.823,0.799,-30.334,-27.222,58.044
0.069,0.821,0.796,-29.907,-21.667,51.575
0.033,0.813,0.791,-26.917,-14.526,46.509
0.053,0.796,0.777,-22.217,-8.789,43.701
0.026,0.797,0.747,-16.357,-5.615,41.199
-0.020,0.762,0.712,-9.949,-6.653,40.588
-0.043,0.760,0.663,-6.104,-10.803,43.457
-0.006,0.753,0.627,-4.211,-18.982,45.715
0.026,0.771,0.565,-7.324,-28.625,45.288
0.117,0.814,0.522,-18.250,-39.490,44.495
0.234,0.909,0.515,-29.480,-47.180,42.786
0.339,1.016,0.487,-36.987,-48.523,38.574
0.480,1.136,0.436,-41.138,-49.011,33.630
0.656,1.176,0.435,-47.424,-52.551,35.278
0.981,1.155,0.628,-58.472,-60.303,48.523
1.414,1.244,0.796,-67.261,-64.148,67.322
2.079,1.295,1.015,-75.073,-50.781,88.989
3.004,1.503,1.103,-73.792,-17.273,118.591
3.859,1.392,1.206,-39.673,-2.136,116.272
3.998,1.233,0.787,34.058,-0.916,82.092
3.998,1.154,-0.092,96.863,-24.719,29.785
3.998,0.499,-0.811,61.401,-66.650,-77.942
3.998,-0.296,-0.872,-54.382,-80.688,-253.540
3.998,-1.021,-0.505,-201.355,-67.017,-440.979
3.352,-1.841,0.311,-308.289,-50.720,-612.000
1.659,-2.695,0.789,-341.064,-7.202,-719.238
-1.431,-3.976,0.807,-300.415,21.606,-745.300
-4.000,-4.000,0.979,-279.419,12.451,-648.071
-4.000,-4.000,1.614,-310.059,-31.555,-435.852
-4.000,-3.586,2.496,-290.955,-21.362,-294.800
-3.974,-2.952,2.705,-211.182,61.951,-244.995
-3.799,-2.426,2.589,-144.470,32.349,-224.060
-3.835,-1.718,2.415,-93.384,-58.838,-179.626
-3.455,-0.976,1.543,-23.376,-18.555,-116.699
-1.776,-0.792,0.310,41.199,103.455,-22.156
0.268,-0.669,-0.770,71.594,164.612,45.593
1.084,-0.387,-0.992,42.480,118.347,38.330
0.764,-0.256,-0.385,-6.897,18.433,1.953
0.180,-0.204,0.478,-37.537,-38.574,-22.095
-0.296,-0.258,1.138,-39.246,-45.532,-26.428
-0.504,-0.325,1.567,-23.010,-40.527,-20.752
-0.605,-0.310,1.706,-0.977,-21.057,-17.334
-0.618,-0.331,1.598,21.057,5.920,-15.137
-0.538,-0.344,1.275,36.743,18.616,-9.460
-0.501,-0.324,0.889,42.847,17.212,-5.615
-0.556,-0.264,0.614,36.987,3.296,-4.150
-0.645,-0.172,0.604,21.973,-18.738,-0.366
-0.676,-0.100,0.793,10.315,-31.433,5.371
-0.495,-0.015,0.915,8.118,-29.907,13.916
-0.169,-0.020,0.878,14.709,-14.465,21.301
0.085,-0.005,0.810,17.822,2.563,19.775
0.029,-0.002,0.846,17.151,5.493,8.728
-0.195,-0.014,0.962,14.343,-1.282,-3.845
-0.451,0.009,1.083,9.705,-5.554,-12.207
-0.600,0.048,1.203,6.714,-8.667,-12.207
-0.678,0.072,1.223,8.423,-7.263,-6.409
-0.656,0.071,1.188,12.512,-2.991,0.427
-0.486,0.091,1.063,15.747,0.610,8.057
-0.246,0.074,0.939,18.005,4.700,12.878
-0.138,0.077,0.866,16.357,7.263,10.437
-0.233,0.063,0.870,12.329,0.854,2.991
-0.464,0.060,0.932,8.789,-9.155,-4.761
-0.600,0.062,1.011,6.775,-16.907,-5.188
-0.572,0.042,0.981,7.507,-19.470,0.610
-0.424,0.018,0.879,8.667,-11.841,6.226
-0.327,-0.002,0.793,8.667,-4.089,8.240
-0.286,-0.015,0.776,8.118,-4.700,8.362
-0.250,-0.042,0.760,8.179,-5.249,8.667
-0.212,-0.057,0.754,6.470,-2.197,7.812
-0.190,-0.060,0.766,3.235,-0.427,6.104
-0.224,-0.047,0.796,0.122,-1.770,3.906
-0.260,-0.040,0.829,-1.282,-5.676,2.441
-0.289,-0.025,0.868,-1.709,-6.958,1.465
-0.259,-0.018,0.877,-0.061,-3.296,1.160
-0.242,-0.027,0.892,0.977,2.319,1.160
-0.264,-0.026,0.929,0.854,5.310,-0.366
-0.277,-0.040,0.987,1.404,4.761,-1.587
-0.298,-0.033,0.979,1.709,2.747,-2.808
-0.300,-0.031,0.937,0.732,1.282,-3.601
-0.298,-0.035,0.896,-1.282,-1.282,-3.845
-0.319,-0.039,0.933,-4.761,-7.202,-3.845
-0.351,-0.031,1.029,-7.202,-12.390,-4.150
-0.388,-0.034,1.110,-6.714,-13.245,-4.395
-0.394,-0.038,1.134,-3.296,-11.597,-2.747
-0.339,-0.040,1.105,1.221,-7.080,-0.916
-0.274,-0.046,1.027,4.517,-0.732,-0.305
-0.266,-0.045,0.967,4.944,0.854,-1.831
-0.307,-0.037,0.946,4.089,-2.686,-4.089
-0.340,-0.021,0.927,2.441,-3.906,-6.165
-0.397,-0.008,0.940,0.793,-2.319,-7.751
-0.411,-0.007,0.963,1.160,-5.005,-5.859
-0.403,-0.008,0.972,2.075,-8.301,-3.479

0.239,0.090,1.129,-17.395,17.578,-4.272
0.190,0.063,1.001,7.812,1.587,-5.371
0.239,0.042,0.977,5.310,-0.427,-5.615
0.209,0.073,0.947,0.549,0.916,-2.075
0.217,0.052,0.954,1.709,-1.770,-3.784
0.219,0.029,0.955,2.075,-4.700,-4.211
0.218,0.019,0.957,0.854,-6.653,-2.380
0.236,0.037,1.053,-1.160,-5.432,-1.465
0.220,0.028,0.972,1.648,1.221,-2.502
0.218,0.059,0.990,2.075,1.648,-2.686
0.220,0.094,0.984,0.610,0.977,-1.465
0.226,0.100,0.985,-0.610,-0.610,-1.892
0.226,0.072,0.977,0.061,-0.488,-3.967
0.212,0.058,0.972,0.183,0.305,-5.188
0.185,0.042,1.019,0.671,0.122,-5.432
0.188,0.040,0.990,2.380,-3.052,-3.601
0.231,0.045,0.985,2.563,-3.113,-2.502
0.228,0.054,0.970,2.502,-2.441,-1.770
0.208,0.043,0.989,1.526,-1.587,-2.808
0.192,0.033,0.987,1.038,-1.404,-2.808
0.202,0.030,0.989,1.160,-1.160,-1.404
0.207,0.043,0.990,0.793,-0.732,-0.061
0.216,0.052,1.008,0.732,-0.610,0.427
0.226,0.054,0.994,2.014,-1.587,0.305
0.237,0.067,0.964,2.258,-2.441,-0.183
0.268,0.082,0.970,1.587,-1.160,-1.953
0.266,0.061,0.907,0.488,0.305,-6.348
0.203,-0.011,0.762,-8.118,6.348,-11.780
0.141,-0.036,0.860,-27.344,26.917,-14.038
0.114,0.048,1.176,-33.020,47.119,-10.681
0.125,0.023,1.267,-17.700,34.058,-6.104
0.169,-0.011,1.023,0.793,9.399,-2.563
0.225,0.039,1.003,-1.526,-0.732,5.127
0.232,0.072,0.982,-1.831,-1.770,4.639
0.212,0.056,0.974,0.122,0.061,-0.610
0.182,0.022,1.003,0.061,1.770,-3.906
0.177,0.024,1.007,-1.587,1.709,-4.089
0.179,0.019,0.973,-1.953,1.221,-3.845
0.174,0.023,0.885,-4.150,4.272,-4.517
0.156,-0.021,0.903,-13.550,15.625,-8.118
0.139,-0.008,0.925,-24.536,40.344,-10.803
0.098,-0.005,1.120,-30.457,54.443,-11.047
0.104,-0.023,1.129,-19.897,43.396,-8.545
0.125,-0.021,1.047,-12.024,26.978,-3.174
0.148,0.030,1.025,-11.963,19.897,2.197
0.159,0.036,1.005,-12.756,18.494,0.488
0.122,0.004,1.004,-11.169,18.372,-3.601
0.092,-0.021,1.033,-9.827,18.555,-5.127
0.099,-0.028,1.053,-8.118,16.541,-4.333
0.119,-0.028,1.037,-5.859,11.292,-2.197
0.120,-0.021,1.016,-4.578,7.263,-0.671
0.132,-0.003,1.021,-3.784,6.104,-0.793
0.110,-0.033,1.024,-2.136,4.700,-2.014
0.217,-0.009,0.811,-3.174,4.822,-4.272
0.184,-0.004,0.606,-23.437,26.489,-7.629
0.147,-0.042,0.675,-60.181,76.660,-23.071
0.150,-0.123,0.768,-83.984,126.099,-36.743
0.049,-0.165,1.254,-40.955,128.540,-39.368
-0.030,0.044,0.958,39.246,17.029,-12.268
0.013,0.001,1.154,10.376,-16.479,0.244
0.054,-0.028,1.031,-3.296,-13.245,-7.629
0.078,-0.090,1.014,-1.038,-3.906,-18.555
0.011,-0.031,1.011,11.780,-4.333,-16.602
0.008,-0.015,1.022,12.756,-4.822,-15.015
0.057,-0.102,1.016,9.094,-4.211,-17.151
0.020,-0.038,1.014,10.742,-4.944,-13.794
0.058,-0.088,1.007,18.311,-5.371,-13.672
0.061,-0.058,1.022,27.466,-6.226,-7.751
0.027,0.019,1.020,52.856,-9.766,-3.784
-0.075,0.194,1.033,95.764,-13.184,-5.493
-0.122,0.141,1.399,144.775,-17.273,-33.875
-0.064,0.063,1.133,154.541,11.047,-59.937
-0.003,0.031,1.057,174.988,15.259,-73.792
-0.015,0.027,1.038,193.359,11.658,-79.956
-0.003,0.059,1.060,192.566,13.855,-78.979
-0.081,0.125,0.958,174.072,16.113,-68.970
-0.006,0.034,-0.048,155.273,-14.404,-39.978
-0.015,0.176,1.697,-78.613,-21.240,-14.404
0.037,0.226,0.944,-2.319,-9.155,1.648
-0.033,0.158,0.856,-19.409,19.531,6.531
-0.020,0.211,0.940,2.075,-12.024,22.461
0.026,0.223,0.996,-5.798,-0.244,21.057
0.032,0.182,1.037,14.343,-4.822,6.897
0.058,0.152,1.004,20.020,-3.357,-4.944
0.013,0.125,1.042,19.409,-6.042,-8.667
0.015,0.206,0.976,20.447,-4.700,-4.822
0.010,0.180,0.870,16.846,-3.906,-3.052
0.008,0.195,1.013,1.099,-5.066,-3.113
0.009,0.205,0.971,6.042,-4.150,-2.625
0.011,0.204,0.981,2.258,-4.700,-2.502
0.009,0.200,1.001,1.831,-4.822,-3.357
0.009,0.204,0.989,3.845,-4.578,-2.869
0.010,0.203,0.987,3.845,-4.517,-2.747
0.005,0.204,0.986,3.357,-4.639,-2.869
0.008,0.201,0.997,3.052,-4.639,-2.991
0.010,0.204,0.986,3.601,-4.578,-2.930
0.010,0.205,0.982,3.418,-4.700,-2.869
0.011,0.202,0.993,3.052,-4.700,-2.991
0.010,0.201,0.994,3.113,-4.639,-2.991
0.011,0.203,0.990,3.662,-4.639,-2.808
0.010,0.201,0.994,3.174,-4.700,-2.930
0.010,0.203,0.993,3.418,-4.639,-2.930
0.010,0.202,0.992,3.662,-4.639,-2.930
0.010,0.202,0.995,3.479,-4.639,-2.930
0.009,0.203,0.993,3.296,-4.639,-2.930
0.010,0.202,0.992,3.357,-4.578,-2.869
0.010,0.203,0.992,3.357,-4.639,-2.930
0.010,0.203,0.994,3.235,-4.639,-2.869
0.010,0.203,0.991,3.357,-4.639,-2.991
0.010,0.203,0.993,3.357,-4.578,-2.991
0.011,0.203,0.993,3.357,-4.700,-2.991
0.010,0.202,0.993,3.479,-4.700,-2.930
0.010,0.203,0.993,3.418,-4.700,-2.930
0.010,0.202,0.993,3.357,-4.639,-2.930
0.010,0.203,0.993,3.357,-4.700,-2.991
0.011,0.203,0.994,3.357,-4.700,-2.930
0.009,0.203,0.993,3.357,-4.639,-2.930
0.010,0.203,0.992,3.357,-4.700,-2.991
0.010,0.203,0.993,3.540,-4.700,-2.991

